"Date","Day Traded","UPRO","NAIL","WANT","XLV","BSV","SOXL","TMF","UYM","SMH","QQQ","VDE","CURE","DRN","XLF","$USD","UUP","XTL","XLB","UGE","SPY","ERX","SPXU","TECL","BTAL","TQQQ","DUSL","SHV","XLE","SH","QLD","FAS","VIXY","XLRE","QID","XLU","TLT","UVXY","LTL","XLK","TMV","XLI","XLY","BIL","SQQQ","XLP","UTSL","PSQ"
"Asset Type","","Equity","Equity","Equity","Equity","Equity","Equity","Equity","Equity","Equity","Equity","Equity","Equity","Equity","Equity","Cash","Equity","Equity","Equity","Equity","Equity","Equity","Equity","Equity","Equity","Equity","Equity","Equity","Equity","Equity","Equity","Equity","Equity","Equity","Equity","Equity","Equity","Equity","Equity","Equity","Equity","Equity","Equity","Equity","Equity","Equity","Equity","Equity"
"2025-08-29","Yes","-","-","55.1%","-","-","-","-","-","-","33.7%","-","-","-","-","-","-","-","-","-","-","-","-","-","-","11.2%","-","-","-","-","-","-","-","-","-","-","-","-","-","-","-","-","-","-","-","-","-","-"
"2025-08-28","Yes","-","-","53.2%","-","-","-","-","-","-","-","-","-","-","-","-","-","-","-","-","-","-","-","-","-","46.8%","-","-","-","-","-","-","-","-","-","-","-","-","-","-","-","-","-","-","-","-","-","-"
"2025-08-27","Yes","-","-","52.7%","-","-","-","-","-","-","-","-","-","-","-","-","-","-","-","-","-","-","-","-","-","47.3%","-","-","-","-","-","-","-","-","-","-","-","-","-","-","-","-","-","-","-","-","-","-"
"2025-08-26","Yes","-","-","52.6%","-","-","-","-","-","-","-","-","-","-","-","-","-","-","-","-","-","-","-","-","-","47.4%","-","-","-","-","-","-","-","-","-","-","-","-","-","-","-","-","-","-","-","-","-","-"
"2025-08-25","Yes","-","-","52.4%","-","-","-","-","-","-","23.8%","-","-","-","-","-","-","-","-","-","-","-","-","-","-","23.8%","-","-","-","-","-","-","-","-","-","-","-","-","-","-","-","-","-","-","-","-","-","-"
"2025-08-22","Yes","-","-","52.3%","-","-","-","-","-","-","-","-","-","-","-","-","-","-","-","-","-","-","-","-","-","47.7%","-","-","-","-","-","-","-","-","-","-","-","-","-","-","-","-","-","-","-","-","-","-"
"2025-08-21","Yes","-","-","-","-","-","-","-","-","-","24.1%","-","-","-","-","-","-","-","-","-","-","-","-","-","-","24.1%","-","-","-","-","-","-","-","-","-","-","-","-","-","-","-","-","-","-","-","-","51.8%","-"
"2025-08-20","Yes","-","-","-","-","-","-","-","-","-","24.0%","-","-","-","-","0.1%","-","-","-","-","-","-","-","-","-","24.0%","-","-","-","-","-","-","-","-","-","-","-","-","-","-","-","-","-","-","-","-","51.9%","-"
"2025-08-19","Yes","-","-","-","-","-","-","-","-","-","24.2%","-","-","-","-","0.1%","-","-","-","-","-","-","-","-","-","24.2%","-","-","-","-","-","-","-","-","-","-","-","-","-","-","-","-","-","-","-","-","51.5%","-"
"2025-08-18","Yes","-","-","49.6%","-","-","-","-","-","-","-","-","-","-","-","-","-","-","-","-","-","-","-","-","-","50.4%","-","-","-","-","-","-","-","-","-","-","-","-","-","-","-","-","-","-","-","-","-","-"
"2025-08-15","Yes","-","-","-","-","-","-","-","-","-","-","-","-","-","-","-","-","-","-","-","-","-","-","-","-","50.2%","-","-","-","-","-","-","-","-","-","-","-","-","-","-","-","-","-","-","-","-","49.8%","-"
"2025-08-14","Yes","-","-","-","-","-","-","-","-","-","-","-","-","-","-","0.1%","-","-","-","-","-","-","-","-","-","50.4%","-","-","-","-","-","-","-","-","-","-","-","-","-","-","-","-","-","-","-","-","49.5%","-"
"2025-08-13","Yes","-","-","-","-","-","-","-","-","-","-","-","-","-","-","-","-","-","-","-","-","-","-","49.2%","-","50.8%","-","-","-","-","-","-","-","-","-","-","-","-","-","-","-","-","-","-","-","-","-","-"
"2025-08-12","Yes","-","-","-","-","-","-","-","-","-","-","-","-","-","-","-","-","-","-","-","-","-","-","49.1%","-","50.9%","-","-","-","-","-","-","-","-","-","-","-","-","-","-","-","-","-","-","-","-","-","-"
"2025-08-11","Yes","-","-","-","-","-","-","-","-","-","-","-","-","-","-","-","-","-","-","-","-","-","-","-","-","52.4%","-","-","-","-","-","-","-","-","-","-","-","-","-","-","-","-","-","-","-","-","47.6%","-"
"2025-08-08","Yes","-","-","-","-","-","-","-","-","-","-","-","-","-","-","-","-","-","-","-","-","-","-","-","-","52.4%","-","-","-","-","-","-","-","-","-","-","-","-","-","-","-","-","-","-","-","-","47.6%","-"
"2025-08-07","Yes","-","-","-","-","-","-","-","-","-","-","-","-","-","-","0.1%","-","-","-","-","-","-","-","-","-","52.9%","-","-","-","-","-","-","-","-","-","-","-","-","-","-","-","-","-","-","-","-","47.0%","-"
"2025-08-06","Yes","-","-","-","-","-","-","-","-","-","-","-","-","-","-","-","-","-","-","-","-","-","-","46.9%","-","53.1%","-","-","-","-","-","-","-","-","-","-","-","-","-","-","-","-","-","-","-","-","-","-"
"2025-08-05","Yes","-","-","-","-","-","-","-","-","-","13.3%","-","-","-","-","-","-","-","-","-","-","-","-","46.9%","-","39.8%","-","-","-","-","-","-","-","-","-","-","-","-","-","-","-","-","-","-","-","-","-","-"
"2025-08-04","Yes","-","-","-","-","-","-","-","-","-","-","-","-","-","-","-","-","-","-","-","-","-","-","46.6%","-","53.4%","-","-","-","-","-","-","-","-","-","-","-","-","-","-","-","-","-","-","-","-","-","-"
"2025-08-01","Yes","-","-","-","-","-","-","-","-","-","13.3%","-","-","-","-","0.1%","-","-","-","-","-","-","-","-","-","39.9%","-","-","-","-","-","-","-","-","-","-","-","-","-","-","-","-","-","-","-","-","46.8%","-"
"2025-07-31","Yes","-","-","-","-","-","-","-","-","-","-","-","-","-","-","-","-","-","-","-","-","-","-","45.2%","-","54.8%","-","-","-","-","-","-","-","-","-","-","-","-","-","-","-","-","-","-","-","-","-","-"
"2025-07-30","Yes","-","-","-","-","-","-","-","-","-","-","-","-","-","-","-","-","-","-","-","-","-","-","45.0%","-","55.0%","-","-","-","-","-","-","-","-","-","-","-","-","-","-","-","-","-","-","-","-","-","-"
"2025-07-29","Yes","-","-","-","-","-","-","-","-","-","-","-","-","-","-","-","-","-","-","-","-","-","-","45.4%","-","54.6%","-","-","-","-","-","-","-","-","-","-","-","-","-","-","-","-","-","-","-","-","-","-"
"2025-07-28","Yes","-","-","-","-","-","-","-","-","-","-","-","-","-","-","-","-","-","-","-","-","-","-","-","-","-","-","-","-","-","-","-","-","-","-","-","-","100.0%","-","-","-","-","-","-","-","-","-","-"
"2025-07-25","Yes","-","-","-","-","-","-","-","-","-","-","-","-","-","-","-","-","-","-","-","-","-","-","-","-","-","-","-","-","-","-","-","-","-","-","-","-","100.0%","-","-","-","-","-","-","-","-","-","-"
"2025-07-24","Yes","-","-","-","-","-","-","-","-","-","-","-","-","-","-","-","-","-","-","-","-","-","-","-","-","-","-","-","-","-","-","-","-","-","-","-","-","100.0%","-","-","-","-","-","-","-","-","-","-"
"2025-07-23","Yes","-","-","-","-","-","-","-","-","-","-","-","-","-","-","-","-","-","-","-","-","-","-","42.3%","-","57.7%","-","-","-","-","-","-","-","-","-","-","-","-","-","-","-","-","-","-","-","-","-","-"
"2025-07-22","Yes","-","-","-","-","-","-","-","-","-","-","-","-","-","-","-","-","-","-","-","-","-","-","43.2%","-","56.8%","-","-","-","-","-","-","-","-","-","-","-","-","-","-","-","-","-","-","-","-","-","-"
"2025-07-21","Yes","-","-","-","-","-","-","-","-","-","-","-","-","-","-","-","-","-","-","-","-","-","-","44.6%","-","55.4%","-","-","-","-","-","-","-","-","-","-","-","-","-","-","-","-","-","-","-","-","-","-"
"2025-07-18","Yes","-","-","-","-","-","-","-","-","-","-","-","-","-","-","-","-","-","-","-","-","-","-","44.9%","-","55.1%","-","-","-","-","-","-","-","-","-","-","-","-","-","-","-","-","-","-","-","-","-","-"
"2025-07-17","Yes","-","-","-","-","-","-","-","-","-","-","-","-","-","-","-","-","-","-","-","-","-","-","45.0%","-","55.0%","-","-","-","-","-","-","-","-","-","-","-","-","-","-","-","-","-","-","-","-","-","-"
"2025-07-16","Yes","-","-","-","-","-","-","-","-","-","-","-","-","-","-","-","-","-","-","-","-","-","-","46.2%","-","53.8%","-","-","-","-","-","-","-","-","-","-","-","-","-","-","-","-","-","-","-","-","-","-"
"2025-07-15","Yes","-","-","-","-","-","-","-","-","-","-","-","-","-","-","-","-","-","-","-","-","-","-","47.7%","-","52.3%","-","-","-","-","-","-","-","-","-","-","-","-","-","-","-","-","-","-","-","-","-","-"
"2025-07-14","Yes","-","-","-","-","-","-","-","-","-","-","-","-","-","-","-","-","-","-","-","-","-","-","48.9%","-","51.1%","-","-","-","-","-","-","-","-","-","-","-","-","-","-","-","-","-","-","-","-","-","-"
"2025-07-11","Yes","-","-","-","-","-","-","-","-","-","-","-","-","-","-","-","-","-","-","-","-","-","-","48.9%","-","51.1%","-","-","-","-","-","-","-","-","-","-","-","-","-","-","-","-","-","-","-","-","-","-"
"2025-07-10","Yes","-","-","-","-","-","-","-","-","-","-","-","-","-","-","-","-","-","-","-","-","-","-","49.2%","-","50.8%","-","-","-","-","-","-","-","-","-","-","-","-","-","-","-","-","-","-","-","-","-","-"
"2025-07-09","Yes","-","-","-","-","-","-","-","-","-","-","-","-","-","-","-","-","-","-","-","-","-","-","48.8%","-","51.2%","-","-","-","-","-","-","-","-","-","-","-","-","-","-","-","-","-","-","-","-","-","-"
"2025-07-08","Yes","-","-","-","-","-","-","-","-","-","-","-","-","-","-","-","-","-","-","-","-","-","-","48.6%","-","51.4%","-","-","-","-","-","-","-","-","-","-","-","-","-","-","-","-","-","-","-","-","-","-"
"2025-07-07","Yes","-","-","-","-","-","-","-","-","-","-","-","-","-","-","-","-","-","-","-","-","-","-","48.6%","-","51.4%","-","-","-","-","-","-","-","-","-","-","-","-","-","-","-","-","-","-","-","-","-","-"
"2025-07-03","Yes","-","-","-","-","-","-","-","-","-","-","-","-","-","-","-","-","-","-","-","-","-","-","-","-","-","-","-","-","-","-","-","-","-","-","-","-","100.0%","-","-","-","-","-","-","-","-","-","-"
"2025-07-02","Yes","-","-","-","-","-","-","-","-","-","-","-","-","-","-","-","-","-","-","-","-","-","-","50.2%","-","49.8%","-","-","-","-","-","-","-","-","-","-","-","-","-","-","-","-","-","-","-","-","-","-"
"2025-07-01","Yes","-","-","-","-","-","-","-","-","-","-","-","-","-","-","-","-","-","-","-","-","-","-","50.7%","-","49.3%","-","-","-","-","-","-","-","-","-","-","-","-","-","-","-","-","-","-","-","-","-","-"
"2025-06-30","Yes","-","-","-","-","-","-","-","-","-","-","-","-","-","-","-","-","-","-","-","-","-","-","50.8%","-","49.2%","-","-","-","-","-","-","-","-","-","-","-","-","-","-","-","-","-","-","-","-","-","-"
"2025-06-27","Yes","-","-","-","-","-","-","-","-","-","-","-","-","-","-","-","-","-","-","-","-","-","-","51.6%","-","48.4%","-","-","-","-","-","-","-","-","-","-","-","-","-","-","-","-","-","-","-","-","-","-"
"2025-06-26","Yes","-","-","-","-","-","-","-","-","-","-","-","-","-","-","-","-","-","-","-","-","-","-","51.7%","-","48.3%","-","-","-","-","-","-","-","-","-","-","-","-","-","-","-","-","-","-","-","-","-","-"
"2025-06-25","Yes","-","-","-","-","-","-","-","-","-","-","-","-","-","-","-","-","-","-","-","-","-","-","51.4%","-","48.6%","-","-","-","-","-","-","-","-","-","-","-","-","-","-","-","-","-","-","-","-","-","-"
"2025-06-24","Yes","-","-","-","-","-","-","-","-","-","-","-","-","-","-","-","-","-","-","-","-","-","-","52.8%","-","47.2%","-","-","-","-","-","-","-","-","-","-","-","-","-","-","-","-","-","-","-","-","-","-"
"2025-06-23","Yes","-","-","-","-","-","-","-","-","-","-","-","-","-","-","-","-","-","-","-","-","-","-","55.5%","-","44.5%","-","-","-","-","-","-","-","-","-","-","-","-","-","-","-","-","-","-","-","-","-","-"
"2025-06-20","Yes","-","-","-","-","-","-","-","-","-","-","-","-","-","-","-","-","-","-","-","-","-","-","56.5%","-","43.5%","-","-","-","-","-","-","-","-","-","-","-","-","-","-","-","-","-","-","-","-","-","-"
"2025-06-18","Yes","-","-","-","-","-","-","-","-","-","-","-","-","-","-","-","-","-","-","-","-","-","-","53.6%","-","46.4%","-","-","-","-","-","-","-","-","-","-","-","-","-","-","-","-","-","-","-","-","-","-"
"2025-06-17","Yes","-","-","-","-","-","-","-","-","-","-","-","-","-","-","-","-","-","-","-","-","-","-","53.7%","-","46.3%","-","-","-","-","-","-","-","-","-","-","-","-","-","-","-","-","-","-","-","-","-","-"
"2025-06-16","Yes","-","-","-","-","-","-","-","-","-","-","-","-","-","-","-","-","-","-","-","-","-","-","53.1%","-","46.9%","-","-","-","-","-","-","-","-","-","-","-","-","-","-","-","-","-","-","-","-","-","-"
"2025-06-13","Yes","-","-","-","-","-","-","-","-","-","-","-","-","-","-","0.1%","-","-","-","-","-","-","-","-","-","47.5%","52.4%","-","-","-","-","-","-","-","-","-","-","-","-","-","-","-","-","-","-","-","-","-"
"2025-06-12","Yes","-","-","-","-","-","-","-","-","-","-","-","-","-","-","0.1%","-","-","-","-","-","-","-","-","-","48.4%","51.6%","-","-","-","-","-","-","-","-","-","-","-","-","-","-","-","-","-","-","-","-","-"
"2025-06-11","Yes","-","-","-","-","-","-","-","-","-","-","-","-","-","-","0.2%","-","-","-","-","-","-","-","-","-","48.6%","51.2%","-","-","-","-","-","-","-","-","-","-","-","-","-","-","-","-","-","-","-","-","-"
"2025-06-10","Yes","-","-","-","-","-","-","-","-","-","-","-","-","-","-","-","-","-","-","-","-","-","-","-","-","-","-","-","-","-","-","-","-","-","-","-","-","100.0%","-","-","-","-","-","-","-","-","-","-"
"2025-06-09","Yes","-","-","-","-","-","-","-","-","-","-","-","-","-","-","0.1%","-","-","-","-","-","-","-","-","-","51.2%","48.7%","-","-","-","-","-","-","-","-","-","-","-","-","-","-","-","-","-","-","-","-","-"
"2025-06-06","Yes","-","-","-","-","-","-","-","-","-","-","-","-","-","-","-","-","-","-","-","-","-","-","-","-","51.1%","48.9%","-","-","-","-","-","-","-","-","-","-","-","-","-","-","-","-","-","-","-","-","-"
"2025-06-05","Yes","-","-","-","-","-","-","-","-","-","-","-","-","-","-","0.2%","-","-","-","-","-","-","-","-","-","51.6%","48.2%","-","-","-","-","-","-","-","-","-","-","-","-","-","-","-","-","-","-","-","-","-"
"2025-06-04","Yes","-","-","-","-","-","-","-","-","-","-","-","-","-","-","-","-","-","-","-","-","-","-","-","-","52.5%","47.5%","-","-","-","-","-","-","-","-","-","-","-","-","-","-","-","-","-","-","-","-","-"
"2025-06-03","Yes","-","-","-","-","-","-","-","-","-","-","-","-","-","-","-","-","-","-","-","-","-","-","-","-","53.1%","46.9%","-","-","-","-","-","-","-","-","-","-","-","-","-","-","-","-","-","-","-","-","-"
"2025-06-02","Yes","-","-","-","-","-","-","-","-","-","-","-","-","-","-","0.2%","-","-","-","-","-","-","-","-","-","53.1%","46.7%","-","-","-","-","-","-","-","-","-","-","-","-","-","-","-","-","-","-","-","-","-"
"2025-05-30","Yes","-","-","-","-","-","-","-","-","-","-","-","-","-","-","0.1%","-","-","-","-","-","-","-","-","-","53.5%","46.4%","-","-","-","-","-","-","-","-","-","-","-","-","-","-","-","-","-","-","-","-","-"
"2025-05-29","Yes","-","-","-","-","-","-","-","-","-","-","-","-","-","-","0.1%","-","-","-","-","-","-","-","-","-","53.9%","46.0%","-","-","-","-","-","-","-","-","-","-","-","-","-","-","-","-","-","-","-","-","-"
"2025-05-28","Yes","-","-","-","-","-","-","-","-","-","-","-","-","-","-","-","-","-","-","-","-","-","-","-","-","54.1%","45.9%","-","-","-","-","-","-","-","-","-","-","-","-","-","-","-","-","-","-","-","-","-"
"2025-05-27","Yes","-","-","-","-","-","-","-","-","-","-","-","-","-","-","0.1%","-","-","-","-","-","-","-","-","-","54.3%","45.5%","-","-","-","-","-","-","-","-","-","-","-","-","-","-","-","-","-","-","-","-","-"
"2025-05-23","Yes","-","-","-","-","-","-","-","-","-","-","-","-","-","-","-","-","-","-","-","-","-","-","-","-","59.3%","40.7%","-","-","-","-","-","-","-","-","-","-","-","-","-","-","-","-","-","-","-","-","-"
"2025-05-22","Yes","-","-","-","-","-","-","-","-","-","-","-","-","-","-","0.1%","-","-","-","-","-","-","-","-","-","61.3%","38.7%","-","-","-","-","-","-","-","-","-","-","-","-","-","-","-","-","-","-","-","-","-"
"2025-05-21","Yes","-","-","-","-","-","-","-","-","-","-","-","-","-","-","-","-","-","-","-","-","-","-","-","-","60.7%","-","-","-","-","-","39.3%","-","-","-","-","-","-","-","-","-","-","-","-","-","-","-","-"
"2025-05-20","Yes","-","-","-","-","-","-","-","-","-","-","-","-","-","-","-","-","-","-","-","-","-","-","-","-","59.4%","-","-","-","-","-","40.6%","-","-","-","-","-","-","-","-","-","-","-","-","-","-","-","-"
"2025-05-19","Yes","-","-","-","-","-","-","-","-","-","-","-","-","-","-","-","-","-","-","-","-","-","-","-","-","-","-","-","-","-","-","-","-","-","-","-","-","100.0%","-","-","-","-","-","-","-","-","-","-"
"2025-05-16","Yes","-","-","-","-","-","-","-","-","-","-","-","-","-","-","-","-","-","-","-","-","-","-","-","-","-","-","-","-","-","-","-","-","-","-","-","-","100.0%","-","-","-","-","-","-","-","-","-","-"
"2025-05-15","Yes","-","-","-","-","-","-","-","-","-","-","-","-","-","-","-","-","-","-","-","-","-","-","31.5%","-","68.5%","-","-","-","-","-","-","-","-","-","-","-","-","-","-","-","-","-","-","-","-","-","-"
"2025-05-14","Yes","-","-","-","-","-","-","-","-","-","-","-","-","-","-","-","-","-","-","-","-","-","-","32.0%","-","68.0%","-","-","-","-","-","-","-","-","-","-","-","-","-","-","-","-","-","-","-","-","-","-"
"2025-05-13","Yes","-","-","-","-","-","-","-","-","-","-","-","-","-","-","-","-","-","-","-","-","-","-","31.4%","-","68.6%","-","-","-","-","-","-","-","-","-","-","-","-","-","-","-","-","-","-","-","-","-","-"
"2025-05-12","Yes","-","-","-","-","-","-","-","-","-","-","-","-","-","-","-","-","-","-","-","-","-","-","26.3%","-","73.7%","-","-","-","-","-","-","-","-","-","-","-","-","-","-","-","-","-","-","-","-","-","-"
"2025-05-09","Yes","-","-","-","-","-","-","-","-","-","50.0%","-","-","-","-","-","-","-","-","-","-","-","-","-","-","-","-","-","-","-","50.0%","-","-","-","-","-","-","-","-","-","-","-","-","-","-","-","-","-"
"2025-05-08","Yes","-","-","-","-","-","-","-","-","-","50.0%","-","-","-","-","-","-","-","-","-","-","-","-","-","-","-","-","-","-","-","50.0%","-","-","-","-","-","-","-","-","-","-","-","-","-","-","-","-","-"
"2025-05-07","Yes","-","-","-","-","-","-","-","-","-","50.0%","-","-","-","-","-","-","-","-","-","-","-","-","-","-","-","-","-","-","-","50.0%","-","-","-","-","-","-","-","-","-","-","-","-","-","-","-","-","-"
"2025-05-06","Yes","-","-","-","-","-","-","-","-","-","50.0%","-","-","-","-","-","-","-","-","-","-","-","-","-","-","-","-","-","-","-","50.0%","-","-","-","-","-","-","-","-","-","-","-","-","-","-","-","-","-"
"2025-05-05","Yes","-","-","-","-","-","-","-","-","-","50.0%","-","-","-","-","-","-","-","-","-","-","-","-","-","-","-","-","-","-","-","50.0%","-","-","-","-","-","-","-","-","-","-","-","-","-","-","-","-","-"
"2025-05-02","Yes","-","-","-","-","-","-","-","-","-","50.0%","-","-","-","-","-","-","-","-","-","-","-","-","-","-","-","-","-","-","-","-","-","-","-","-","-","-","-","-","-","-","-","-","-","50.0%","-","-","-"
"2025-05-01","Yes","-","-","-","-","-","-","-","-","-","50.0%","-","-","-","-","-","-","-","-","-","-","-","-","-","-","-","-","-","-","-","50.0%","-","-","-","-","-","-","-","-","-","-","-","-","-","-","-","-","-"
"2025-04-30","Yes","-","-","-","-","-","-","-","-","-","50.0%","-","-","-","-","-","-","-","-","-","-","-","-","-","-","-","-","-","-","-","50.0%","-","-","-","-","-","-","-","-","-","-","-","-","-","-","-","-","-"
"2025-04-29","Yes","-","-","-","-","-","-","-","-","-","50.0%","-","-","-","-","-","-","-","-","-","-","-","-","-","-","-","-","-","-","-","50.0%","-","-","-","-","-","-","-","-","-","-","-","-","-","-","-","-","-"
"2025-04-28","Yes","-","-","-","-","-","-","-","-","-","50.0%","-","-","-","-","-","-","-","-","-","-","-","-","-","-","-","-","-","-","-","50.0%","-","-","-","-","-","-","-","-","-","-","-","-","-","-","-","-","-"
"2025-04-25","Yes","-","-","-","-","-","-","-","-","-","50.0%","-","-","-","-","-","-","-","-","-","-","-","-","-","-","-","-","-","-","-","50.0%","-","-","-","-","-","-","-","-","-","-","-","-","-","-","-","-","-"
"2025-04-24","Yes","-","-","-","-","-","-","-","-","-","-","-","-","-","-","-","-","-","-","-","-","-","50.0%","-","-","-","-","-","-","-","-","-","-","-","-","-","-","-","-","-","-","-","-","50.0%","-","-","-","-"
"2025-04-23","Yes","-","-","-","-","-","-","-","-","-","-","-","-","-","-","-","-","-","-","-","-","-","-","-","-","-","-","-","-","-","-","-","-","-","-","-","-","-","-","-","-","-","-","-","100.0%","-","-","-"
"2025-04-22","Yes","-","-","-","-","-","-","-","-","-","-","-","-","-","-","-","-","-","-","-","-","-","-","-","50.0%","-","-","-","-","-","-","-","-","-","-","-","-","-","-","-","-","-","-","-","50.0%","-","-","-"
"2025-04-21","Yes","-","-","-","-","-","-","-","-","-","-","-","-","-","-","-","-","-","-","-","-","-","-","-","-","5.0%","-","15.0%","-","-","-","-","-","-","-","-","-","-","-","-","-","-","-","80.0%","-","-","-","-"
"2025-04-17","Yes","-","-","-","-","-","-","-","-","-","-","-","-","-","-","-","-","-","-","-","-","-","-","-","-","50.0%","-","-","-","-","-","-","-","-","-","-","-","-","-","-","-","-","-","-","50.0%","-","-","-"
"2025-04-16","Yes","-","-","-","-","-","-","-","-","-","-","-","-","-","-","-","-","-","-","-","-","-","-","-","-","50.0%","-","-","-","-","-","-","-","-","-","-","-","-","-","-","-","-","-","-","50.0%","-","-","-"
"2025-04-15","Yes","-","-","-","-","-","-","-","-","-","-","-","-","-","-","-","-","-","-","-","-","-","-","-","50.0%","-","-","-","-","-","-","-","-","-","-","-","-","-","-","-","-","-","-","-","50.0%","-","-","-"
"2025-04-14","Yes","-","-","-","-","-","-","-","-","-","-","-","-","-","-","-","-","-","-","-","-","-","-","-","-","-","-","-","-","-","-","-","-","-","-","-","-","-","-","-","-","-","-","-","100.0%","-","-","-"
"2025-04-11","Yes","-","-","-","-","-","-","-","-","-","-","-","-","-","-","-","-","-","-","-","-","-","-","-","-","5.0%","-","15.0%","-","-","-","-","-","-","-","-","-","-","-","-","-","-","-","47.7%","32.3%","-","-","-"
"2025-04-10","Yes","-","-","-","-","-","-","5.0%","-","-","-","-","-","-","-","-","-","-","-","-","-","-","-","-","-","5.0%","-","5.0%","-","5.0%","-","-","-","-","-","-","-","-","-","-","-","-","-","47.7%","32.3%","-","-","-"
"2025-04-09","Yes","-","-","-","-","-","-","-","-","-","-","-","-","-","-","-","-","-","-","-","-","-","-","-","-","-","-","-","-","-","-","-","-","-","-","-","-","-","-","-","-","-","-","-","100.0%","-","-","-"
"2025-04-08","Yes","-","-","-","-","-","55.0%","-","-","-","-","-","-","-","-","-","-","-","-","-","-","-","-","10.0%","-","-","-","-","-","-","-","-","-","-","-","-","-","-","-","5.0%","-","-","-","30.0%","-","-","-","-"
"2025-04-07","Yes","-","-","-","-","-","55.0%","-","-","-","-","-","-","-","-","-","-","-","-","-","-","-","-","10.0%","-","-","-","-","-","-","-","-","-","-","-","-","-","-","-","5.0%","-","-","-","30.0%","-","-","-","-"
"2025-04-04","Yes","-","-","-","-","-","55.0%","-","-","-","-","-","-","-","-","-","-","-","-","-","-","-","-","10.0%","-","-","-","-","-","-","-","-","-","-","-","-","-","2.5%","-","5.0%","-","-","-","27.5%","-","-","-","-"
"2025-04-03","Yes","-","-","-","-","-","55.0%","-","-","-","-","-","-","-","-","-","-","-","-","-","-","-","-","10.0%","-","-","-","-","-","-","-","-","-","-","-","-","-","2.5%","-","5.0%","-","-","-","27.5%","-","-","-","-"
"2025-04-02","Yes","-","-","-","-","-","-","-","-","-","50.0%","-","-","-","-","-","-","-","-","-","-","-","-","-","-","-","-","-","-","-","-","-","-","-","50.0%","-","-","-","-","-","-","-","-","-","-","-","-","-"
"2025-04-01","Yes","-","-","-","-","-","-","-","-","-","-","-","-","-","-","-","-","-","-","-","-","-","-","-","-","-","-","-","-","-","-","-","-","-","50.0%","-","-","-","-","-","-","-","-","-","-","-","-","50.0%"
"2025-03-31","Yes","-","-","-","-","-","-","-","-","-","-","-","-","-","-","-","-","-","-","-","-","-","-","-","-","-","-","-","-","-","-","-","-","-","50.0%","-","-","-","-","-","-","-","-","-","-","-","-","50.0%"
"2025-03-28","Yes","-","-","-","-","-","-","-","-","-","-","-","-","-","-","-","-","-","-","-","-","-","-","-","-","-","-","-","-","-","-","-","-","-","-","-","-","-","-","-","-","-","-","-","100.0%","-","-","-"
"2025-03-27","Yes","-","-","-","-","-","-","-","-","-","-","-","-","-","-","-","-","-","-","-","-","-","-","-","-","-","-","-","-","-","-","-","-","-","-","-","-","-","-","-","-","-","-","-","100.0%","-","-","-"
"2025-03-26","Yes","-","-","-","-","-","-","-","-","-","-","-","-","-","-","-","-","-","-","-","-","-","-","-","-","-","-","-","-","-","-","-","-","-","-","-","-","-","-","-","-","-","-","-","100.0%","-","-","-"
"2025-03-25","Yes","-","-","-","-","-","-","-","-","-","17.9%","-","-","-","-","-","-","-","-","-","-","64.2%","-","-","-","17.9%","-","-","-","-","-","-","-","-","-","-","-","-","-","-","-","-","-","-","-","-","-","-"
"2025-03-24","Yes","-","-","-","-","-","-","-","-","-","4.5%","-","-","-","-","-","-","-","-","-","-","64.3%","-","-","-","-","-","-","-","-","-","-","-","-","-","-","4.5%","-","-","-","-","-","-","-","-","-","-","26.8%"
"2025-03-21","Yes","-","-","-","-","-","-","-","-","-","-","-","-","-","-","-","-","-","-","-","-","-","-","-","-","-","-","-","-","-","-","-","-","-","50.0%","-","-","-","-","-","-","-","-","-","-","-","-","50.0%"
"2025-03-20","Yes","-","-","-","-","-","-","-","-","-","-","-","-","-","-","-","-","-","-","-","-","-","-","-","-","-","-","-","-","-","-","-","-","-","50.0%","-","-","-","-","-","-","-","-","-","-","-","-","50.0%"
"2025-03-19","Yes","-","-","-","-","-","-","-","-","-","-","-","-","-","-","-","-","-","-","-","-","-","-","-","-","-","-","-","-","-","-","-","-","-","50.0%","-","-","-","-","-","-","-","-","-","-","-","-","50.0%"
"2025-03-18","Yes","-","-","-","-","-","-","-","-","-","-","-","-","-","-","-","-","-","-","-","-","-","-","-","-","-","-","-","-","-","-","-","-","-","-","-","-","-","-","-","-","-","-","-","100.0%","-","-","-"
"2025-03-17","Yes","-","-","-","-","-","-","-","-","-","-","-","-","-","-","-","-","-","-","-","-","-","-","-","-","-","-","-","-","-","-","-","-","-","-","-","-","-","-","-","-","-","-","-","100.0%","-","-","-"
"2025-03-14","Yes","-","-","-","-","-","-","-","-","-","-","-","-","-","-","-","-","-","-","-","-","-","-","-","-","-","-","-","-","-","-","-","-","-","-","-","-","-","-","-","-","-","-","-","100.0%","-","-","-"
"2025-03-13","Yes","-","-","-","-","-","-","-","-","-","-","-","-","-","-","-","-","-","-","-","-","-","-","60.0%","-","5.0%","-","-","-","-","-","-","-","-","-","-","-","2.5%","-","5.0%","-","-","-","27.5%","-","-","-","-"
"2025-03-12","Yes","50.0%","-","-","-","-","-","-","-","-","-","-","-","-","-","-","-","-","-","-","-","-","-","5.0%","-","-","-","5.0%","-","5.0%","-","-","-","-","-","-","-","2.5%","-","-","-","-","-","27.5%","-","-","-","5.0%"
"2025-03-11","Yes","-","-","-","-","-","-","-","-","-","-","-","-","-","-","-","-","-","-","-","-","-","-","63.1%","-","5.0%","-","-","-","-","-","-","-","-","-","-","-","2.5%","-","5.0%","-","-","-","24.4%","-","-","-","-"
"2025-03-10","Yes","-","-","-","-","-","-","-","-","-","-","-","-","-","-","-","-","-","-","-","-","-","-","63.1%","-","5.0%","-","-","-","-","-","-","-","-","-","-","-","2.5%","-","5.0%","-","-","-","24.4%","-","-","-","-"
"2025-03-07","Yes","-","-","-","-","5.0%","-","-","-","-","-","-","-","-","-","-","-","-","-","-","-","-","-","-","-","31.3%","-","15.0%","-","-","-","-","-","-","-","-","-","27.5%","-","-","-","-","-","21.3%","-","-","-","-"
"2025-03-06","Yes","-","-","-","-","-","-","-","-","-","-","-","-","-","-","-","-","-","-","-","-","-","-","35.0%","-","31.3%","-","10.0%","-","-","-","-","-","-","-","-","-","2.5%","-","-","-","-","-","21.3%","-","-","-","-"
"2025-03-05","Yes","-","-","-","-","5.0%","-","-","-","-","-","-","-","-","-","-","-","-","-","-","-","-","-","-","-","35.4%","-","15.0%","-","-","-","-","-","-","-","-","-","27.5%","-","-","-","-","-","17.1%","-","-","-","-"
"2025-03-04","Yes","-","-","-","-","-","-","-","-","-","-","-","-","-","-","-","-","-","-","-","-","-","-","35.0%","-","40.4%","-","5.0%","-","-","-","-","-","-","-","-","-","2.5%","-","-","-","-","-","17.1%","-","-","-","-"
"2025-03-03","Yes","-","-","-","-","-","-","-","-","-","-","-","-","-","-","-","-","-","-","-","-","-","-","35.0%","-","38.5%","-","10.0%","-","-","-","-","-","-","-","-","-","2.5%","-","-","-","-","-","14.0%","-","-","-","-"
"2025-02-28","Yes","-","-","-","-","-","-","-","-","-","31.7%","-","-","57.7%","-","-","-","-","-","-","-","-","-","-","-","10.6%","-","-","-","-","-","-","-","-","-","-","-","-","-","-","-","-","-","-","-","-","-","-"
"2025-02-27","Yes","-","-","-","-","-","-","-","-","-","-","-","-","-","-","-","-","-","-","-","-","-","-","35.0%","-","47.7%","-","5.0%","-","-","-","-","-","-","-","-","-","2.5%","-","-","-","-","-","9.8%","-","-","-","-"
"2025-02-26","Yes","-","-","-","-","-","-","-","-","-","35.2%","-","-","-","-","-","-","-","-","-","-","-","-","-","-","11.8%","-","-","-","-","-","-","-","-","-","-","-","-","-","-","-","-","53.0%","-","-","-","-","-"
"2025-02-25","Yes","-","-","-","-","5.0%","-","-","-","-","-","-","-","-","-","-","-","-","-","-","-","-","-","-","-","28.1%","-","15.0%","-","-","-","-","25.0%","-","-","-","-","2.5%","-","-","-","-","-","24.4%","-","-","-","-"
"2025-02-24","Yes","-","-","-","-","-","-","-","-","-","32.0%","-","-","-","-","-","-","-","-","-","-","-","-","-","-","10.7%","-","-","-","-","-","-","-","-","-","-","-","-","-","-","-","-","57.3%","-","-","-","-","-"
"2025-02-21","Yes","-","-","-","-","-","-","-","-","-","32.1%","-","-","-","-","-","-","-","-","-","-","-","-","-","-","10.7%","-","-","-","-","-","-","-","-","-","-","-","-","-","-","-","-","57.2%","-","-","-","-","-"
"2025-02-20","Yes","-","-","-","-","-","-","-","-","-","-","-","-","-","-","-","-","-","-","-","-","-","-","-","-","44.3%","-","-","-","-","-","55.7%","-","-","-","-","-","-","-","-","-","-","-","-","-","-","-","-"
"2025-02-19","Yes","-","-","-","-","-","-","-","-","-","-","-","-","-","-","-","-","-","-","-","-","-","-","-","-","39.9%","-","-","-","-","-","60.1%","-","-","-","-","-","-","-","-","-","-","-","-","-","-","-","-"
"2025-02-18","Yes","-","-","-","-","-","-","-","-","-","-","-","-","-","-","-","-","-","-","-","-","-","-","-","-","42.4%","-","-","-","-","-","57.6%","-","-","-","-","-","-","-","-","-","-","-","-","-","-","-","-"
"2025-02-14","Yes","-","-","-","-","-","-","-","-","-","-","-","-","-","-","-","-","-","-","-","-","-","-","-","-","41.8%","-","-","-","-","-","58.2%","-","-","-","-","-","-","-","-","-","-","-","-","-","-","-","-"
"2025-02-13","Yes","-","-","-","-","-","-","-","-","-","-","-","-","-","-","-","-","-","-","-","-","-","-","-","-","41.9%","-","-","-","-","-","58.1%","-","-","-","-","-","-","-","-","-","-","-","-","-","-","-","-"
"2025-02-12","Yes","-","-","-","-","-","-","-","-","-","-","-","-","-","-","-","-","-","-","-","-","-","-","-","-","41.5%","-","-","-","-","-","58.5%","-","-","-","-","-","-","-","-","-","-","-","-","-","-","-","-"
"2025-02-11","Yes","-","-","-","-","-","-","-","-","-","-","-","-","-","-","-","-","-","-","-","-","-","-","-","-","41.4%","-","-","-","-","-","58.6%","-","-","-","-","-","-","-","-","-","-","-","-","-","-","-","-"
"2025-02-10","Yes","-","-","-","-","-","-","-","-","-","-","-","-","-","-","-","-","-","-","-","-","-","-","-","-","42.1%","-","-","-","-","-","57.9%","-","-","-","-","-","-","-","-","-","-","-","-","-","-","-","-"
"2025-02-07","Yes","-","-","-","-","-","-","-","-","-","31.5%","-","-","-","-","-","-","-","-","-","-","-","-","-","-","10.5%","-","-","-","-","-","58.0%","-","-","-","-","-","-","-","-","-","-","-","-","-","-","-","-"
"2025-02-06","Yes","-","-","-","-","-","-","-","-","-","-","-","-","-","-","-","-","-","-","-","-","-","-","-","-","42.3%","-","-","-","-","-","57.7%","-","-","-","-","-","-","-","-","-","-","-","-","-","-","-","-"
"2025-02-05","Yes","-","-","-","-","-","-","-","-","-","-","-","-","-","-","-","-","-","-","-","-","-","-","-","-","40.4%","-","-","-","-","-","59.6%","-","-","-","-","-","-","-","-","-","-","-","-","-","-","-","-"
"2025-02-04","Yes","-","-","-","-","-","-","-","-","-","-","-","-","-","-","-","-","-","-","-","-","-","-","-","-","-","-","-","-","-","-","-","-","-","-","-","-","100.0%","-","-","-","-","-","-","-","-","-","-"
"2025-02-03","Yes","-","-","-","-","-","-","-","-","-","29.0%","-","-","-","-","-","-","-","-","-","-","-","-","-","-","9.7%","-","-","-","-","-","61.4%","-","-","-","-","-","-","-","-","-","-","-","-","-","-","-","-"
"2025-01-31","Yes","-","-","-","-","-","-","-","-","-","-","-","-","-","-","-","-","-","-","-","-","-","-","-","-","38.8%","-","-","-","-","-","61.2%","-","-","-","-","-","-","-","-","-","-","-","-","-","-","-","-"
"2025-01-30","Yes","-","-","-","-","-","-","-","-","-","-","-","-","-","-","-","-","-","-","-","-","-","-","-","-","38.5%","-","-","-","-","-","61.5%","-","-","-","-","-","-","-","-","-","-","-","-","-","-","-","-"
"2025-01-29","Yes","-","-","-","-","-","-","-","-","-","28.2%","-","-","-","-","-","-","-","-","-","-","-","-","-","-","9.4%","-","-","-","-","-","62.4%","-","-","-","-","-","-","-","-","-","-","-","-","-","-","-","-"
"2025-01-28","Yes","-","-","-","-","-","-","-","-","-","-","-","-","-","-","-","-","-","-","-","-","-","-","-","-","37.0%","-","-","-","-","-","63.0%","-","-","-","-","-","-","-","-","-","-","-","-","-","-","-","-"
"2025-01-27","Yes","-","-","-","-","-","-","-","-","-","28.2%","-","-","-","-","-","-","-","-","-","-","-","-","-","-","9.4%","-","-","-","-","-","62.4%","-","-","-","-","-","-","-","-","-","-","-","-","-","-","-","-"
"2025-01-24","Yes","-","-","-","-","-","-","-","-","-","-","-","-","-","-","-","-","-","-","-","-","-","-","-","-","38.3%","-","-","-","-","-","61.7%","-","-","-","-","-","-","-","-","-","-","-","-","-","-","-","-"
"2025-01-23","Yes","-","-","-","-","-","-","-","-","-","-","-","-","-","-","0.1%","-","-","-","-","-","-","-","-","-","38.1%","61.9%","-","-","-","-","-","-","-","-","-","-","-","-","-","-","-","-","-","-","-","-","-"
"2025-01-22","Yes","-","-","62.3%","-","-","-","-","-","-","-","-","-","-","-","-","-","-","-","-","-","-","-","-","-","37.7%","-","-","-","-","-","-","-","-","-","-","-","-","-","-","-","-","-","-","-","-","-","-"
"2025-01-21","Yes","-","-","61.0%","-","-","-","-","-","-","-","-","-","-","-","-","-","-","-","-","-","-","-","-","-","39.0%","-","-","-","-","-","-","-","-","-","-","-","-","-","-","-","-","-","-","-","-","-","-"
"2025-01-17","Yes","-","-","-","-","-","-","-","-","-","-","-","-","-","-","-","-","-","-","-","-","-","-","-","-","-","-","-","-","-","-","-","-","-","-","-","-","100.0%","-","-","-","-","-","-","-","-","-","-"
"2025-01-16","Yes","-","-","-","-","-","-","-","-","-","-","-","-","-","-","-","-","-","-","-","-","-","-","-","-","-","-","-","-","-","-","-","-","-","-","-","-","100.0%","-","-","-","-","-","-","-","-","-","-"
"2025-01-15","Yes","-","-","-","-","-","-","-","-","-","-","-","-","-","-","-","-","-","-","-","-","-","-","-","-","48.0%","-","-","-","-","-","-","-","-","-","-","-","-","-","-","-","-","-","-","-","52.0%","-","-"
"2025-01-14","Yes","-","-","-","-","-","-","-","-","-","36.0%","-","-","-","-","-","-","-","-","-","-","-","-","-","-","12.0%","-","-","-","-","-","-","-","-","-","-","-","-","-","-","-","-","-","-","-","52.0%","-","-"
"2025-01-13","Yes","-","-","-","-","-","-","-","-","-","36.0%","-","-","-","-","-","-","-","-","-","-","-","-","-","-","12.0%","-","-","-","-","-","-","-","-","-","-","-","-","-","-","-","-","-","-","-","52.0%","-","-"
"2025-01-10","Yes","-","-","-","-","-","-","5.0%","-","-","-","-","-","-","-","-","-","-","-","-","-","-","-","-","-","6.3%","-","5.0%","-","5.0%","-","-","-","-","-","-","-","-","-","-","-","-","-","51.9%","-","-","-","26.9%"
"2025-01-08","Yes","-","-","-","-","-","-","-","-","-","36.2%","-","-","-","-","-","-","-","-","-","-","-","-","-","-","12.1%","-","-","-","-","-","-","-","-","-","-","-","-","-","-","-","-","-","-","-","51.8%","-","-"
"2025-01-07","Yes","-","-","-","-","-","-","-","-","-","36.2%","-","-","-","-","-","-","-","51.7%","-","-","-","-","-","-","12.1%","-","-","-","-","-","-","-","-","-","-","-","-","-","-","-","-","-","-","-","-","-","-"
"2025-01-06","Yes","-","-","-","-","-","-","-","-","-","-","-","-","-","-","-","-","-","50.4%","-","-","-","-","-","-","49.6%","-","-","-","-","-","-","-","-","-","-","-","-","-","-","-","-","-","-","-","-","-","-"
"2025-01-03","Yes","-","-","-","-","-","-","-","-","-","37.1%","-","-","-","-","-","-","-","50.5%","-","-","-","-","-","-","12.4%","-","-","-","-","-","-","-","-","-","-","-","-","-","-","-","-","-","-","-","-","-","-"
"2025-01-02","Yes","-","-","-","-","-","-","-","-","-","37.0%","-","-","-","-","-","-","-","50.7%","-","-","-","-","-","-","12.3%","-","-","-","-","-","-","-","-","-","-","-","-","-","-","-","-","-","-","-","-","-","-"
"2024-12-31","Yes","-","-","-","-","-","-","-","-","-","37.0%","-","-","-","-","-","-","-","50.7%","-","-","-","-","-","-","12.3%","-","-","-","-","-","-","-","-","-","-","-","-","-","-","-","-","-","-","-","-","-","-"
"2024-12-30","Yes","-","-","-","-","-","-","-","-","-","37.1%","-","-","-","-","-","-","-","-","-","-","-","-","-","-","12.4%","-","-","50.5%","-","-","-","-","-","-","-","-","-","-","-","-","-","-","-","-","-","-","-"
"2024-12-27","Yes","-","-","-","-","-","-","-","-","-","37.2%","-","-","-","-","-","-","-","50.4%","-","-","-","-","-","-","12.4%","-","-","-","-","-","-","-","-","-","-","-","-","-","-","-","-","-","-","-","-","-","-"
"2024-12-26","Yes","-","-","-","-","-","-","-","-","-","-","-","-","-","-","-","-","-","49.8%","-","-","-","-","-","-","50.2%","-","-","-","-","-","-","-","-","-","-","-","-","-","-","-","-","-","-","-","-","-","-"
"2024-12-24","Yes","-","-","-","-","-","-","-","-","-","-","-","-","-","-","-","-","-","49.7%","-","-","-","-","-","-","50.3%","-","-","-","-","-","-","-","-","-","-","-","-","-","-","-","-","-","-","-","-","-","-"
"2024-12-23","Yes","-","-","-","-","-","-","-","-","-","-","-","-","-","-","-","-","-","-","-","-","-","-","-","-","50.1%","-","-","49.9%","-","-","-","-","-","-","-","-","-","-","-","-","-","-","-","-","-","-","-"
"2024-12-20","Yes","-","-","-","50.0%","-","-","-","-","-","37.5%","-","-","-","-","-","-","-","-","-","-","-","-","-","-","12.5%","-","-","-","-","-","-","-","-","-","-","-","-","-","-","-","-","-","-","-","-","-","-"
"2024-12-19","Yes","-","-","-","-","-","-","5.0%","-","-","-","-","-","-","-","-","-","-","-","-","-","-","-","-","-","14.6%","-","5.0%","-","5.0%","-","-","-","-","-","-","-","-","-","-","-","-","-","47.7%","-","-","-","22.7%"
"2024-12-18","Yes","-","-","-","-","-","-","5.0%","-","-","-","-","-","-","-","-","-","-","-","-","-","-","-","-","-","-","-","5.0%","-","5.0%","-","-","-","-","-","-","-","-","-","-","-","-","-","55.0%","-","-","-","30.0%"
"2024-12-17","Yes","-","-","-","-","-","-","-","-","-","-","-","-","-","-","-","-","-","-","-","-","-","-","-","-","-","-","-","-","-","-","-","-","-","-","-","-","100.0%","-","-","-","-","-","-","-","-","-","-"
"2024-12-16","Yes","-","-","-","-","-","-","-","-","-","-","-","-","-","-","-","-","-","-","-","-","-","-","-","-","-","-","-","-","-","-","-","-","-","-","-","-","100.0%","-","-","-","-","-","-","-","-","-","-"
"2024-12-13","Yes","-","-","-","54.3%","-","-","-","-","-","-","-","-","-","-","-","-","-","-","-","-","-","-","-","-","45.7%","-","-","-","-","-","-","-","-","-","-","-","-","-","-","-","-","-","-","-","-","-","-"
"2024-12-12","Yes","-","-","-","51.1%","-","-","-","-","-","-","-","-","-","-","-","-","-","-","-","-","-","-","-","-","48.9%","-","-","-","-","-","-","-","-","-","-","-","-","-","-","-","-","-","-","-","-","-","-"
"2024-12-11","Yes","-","-","-","-","-","-","-","-","-","-","-","-","-","-","-","-","-","-","-","-","-","-","-","-","-","-","-","-","-","-","-","-","-","-","-","-","100.0%","-","-","-","-","-","-","-","-","-","-"
"2024-12-10","Yes","-","-","-","-","-","-","-","-","-","-","-","-","-","-","-","-","-","-","-","-","-","-","-","-","-","-","-","-","-","-","-","-","-","-","-","-","100.0%","-","-","-","-","-","-","-","-","-","-"
"2024-12-09","Yes","-","-","-","-","-","-","-","-","-","-","-","-","-","-","-","-","-","-","-","-","-","-","-","-","-","-","-","-","-","-","-","-","-","-","-","-","100.0%","-","-","-","-","-","-","-","-","-","-"
"2024-12-06","Yes","-","-","-","-","-","-","-","-","-","-","-","-","-","-","-","-","-","-","-","-","-","-","-","-","-","-","-","-","-","-","-","-","-","-","-","-","100.0%","-","-","-","-","-","-","-","-","-","-"
"2024-12-05","Yes","-","-","50.8%","-","-","-","-","-","-","-","-","-","-","-","-","-","-","-","-","-","-","-","-","-","49.2%","-","-","-","-","-","-","-","-","-","-","-","-","-","-","-","-","-","-","-","-","-","-"
"2024-12-04","Yes","-","-","39.6%","-","-","-","-","-","-","-","-","-","-","-","-","-","-","-","-","-","-","-","-","-","60.4%","-","-","-","-","-","-","-","-","-","-","-","-","-","-","-","-","-","-","-","-","-","-"
"2024-12-03","Yes","-","-","39.2%","-","-","-","-","-","-","-","-","-","-","-","-","-","-","-","-","-","-","-","-","-","60.8%","-","-","-","-","-","-","-","-","-","-","-","-","-","-","-","-","-","-","-","-","-","-"
"2024-12-02","Yes","-","-","39.3%","-","-","-","-","-","-","-","-","-","-","-","-","-","-","-","-","-","-","-","-","-","60.7%","-","-","-","-","-","-","-","-","-","-","-","-","-","-","-","-","-","-","-","-","-","-"
"2024-11-29","Yes","-","-","38.9%","-","-","-","-","-","-","-","-","-","-","-","-","-","-","-","-","-","-","-","-","-","61.1%","-","-","-","-","-","-","-","-","-","-","-","-","-","-","-","-","-","-","-","-","-","-"
"2024-11-27","Yes","-","-","42.5%","-","-","-","-","-","-","-","-","-","-","-","-","-","-","-","-","-","-","-","-","-","57.5%","-","-","-","-","-","-","-","-","-","-","-","-","-","-","-","-","-","-","-","-","-","-"
"2024-11-26","Yes","-","-","42.6%","-","-","-","-","-","-","-","-","-","-","-","-","-","-","-","-","-","-","-","-","-","57.4%","-","-","-","-","-","-","-","-","-","-","-","-","-","-","-","-","-","-","-","-","-","-"
"2024-11-25","Yes","-","-","42.7%","-","-","-","-","-","-","-","-","-","-","-","-","-","-","-","-","-","-","-","-","-","57.3%","-","-","-","-","-","-","-","-","-","-","-","-","-","-","-","-","-","-","-","-","-","-"
"2024-11-22","Yes","-","-","42.8%","-","-","-","-","-","-","-","-","-","-","-","-","-","-","-","-","-","-","-","-","-","57.2%","-","-","-","-","-","-","-","-","-","-","-","-","-","-","-","-","-","-","-","-","-","-"
"2024-11-21","Yes","-","-","-","-","-","-","-","-","-","-","-","-","-","-","-","-","-","-","-","-","-","-","-","-","57.3%","-","-","-","-","-","42.7%","-","-","-","-","-","-","-","-","-","-","-","-","-","-","-","-"
"2024-11-20","Yes","-","-","42.6%","-","-","-","-","-","-","-","-","-","-","-","-","-","-","-","-","-","-","-","-","-","57.4%","-","-","-","-","-","-","-","-","-","-","-","-","-","-","-","-","-","-","-","-","-","-"
"2024-11-19","Yes","-","-","-","43.2%","-","-","-","-","-","-","-","-","-","-","-","-","-","-","-","-","-","-","-","-","56.8%","-","-","-","-","-","-","-","-","-","-","-","-","-","-","-","-","-","-","-","-","-","-"
"2024-11-18","Yes","-","-","-","43.1%","-","-","-","-","-","28.5%","-","-","-","-","-","-","-","-","-","-","-","-","-","-","28.5%","-","-","-","-","-","-","-","-","-","-","-","-","-","-","-","-","-","-","-","-","-","-"
"2024-11-15","Yes","-","-","-","42.9%","-","-","-","-","-","28.5%","-","-","-","-","-","-","-","-","-","-","-","-","-","-","28.5%","-","-","-","-","-","-","-","-","-","-","-","-","-","-","-","-","-","-","-","-","-","-"
"2024-11-14","Yes","-","-","-","40.3%","-","-","-","-","-","-","-","-","-","-","-","-","-","-","-","-","-","-","-","-","59.7%","-","-","-","-","-","-","-","-","-","-","-","-","-","-","-","-","-","-","-","-","-","-"
"2024-11-13","Yes","-","-","40.5%","-","-","-","-","-","-","-","-","-","-","-","-","-","-","-","-","-","-","-","-","-","59.5%","-","-","-","-","-","-","-","-","-","-","-","-","-","-","-","-","-","-","-","-","-","-"
"2024-11-12","Yes","-","-","-","-","-","-","-","-","-","-","-","-","-","-","-","-","-","-","-","-","-","-","-","-","59.6%","-","-","-","-","-","40.4%","-","-","-","-","-","-","-","-","-","-","-","-","-","-","-","-"
"2024-11-11","Yes","-","-","-","-","-","-","-","-","-","-","-","-","-","-","-","-","-","-","-","-","-","-","-","-","-","-","-","-","-","-","-","-","-","-","-","-","100.0%","-","-","-","-","-","-","-","-","-","-"
"2024-11-08","Yes","-","-","-","-","-","-","-","-","-","-","-","-","-","-","-","-","-","-","-","-","-","-","-","-","58.0%","-","-","-","-","-","42.0%","-","-","-","-","-","-","-","-","-","-","-","-","-","-","-","-"
"2024-11-07","Yes","-","-","-","-","-","-","-","-","-","-","-","-","-","-","-","-","-","-","-","-","-","-","-","-","58.0%","-","-","-","-","-","42.0%","-","-","-","-","-","-","-","-","-","-","-","-","-","-","-","-"
"2024-11-06","Yes","-","-","-","-","-","-","-","-","-","-","-","-","-","-","-","-","-","-","-","-","-","-","-","-","58.4%","-","-","-","-","-","41.6%","-","-","-","-","-","-","-","-","-","-","-","-","-","-","-","-"
"2024-11-05","Yes","-","-","-","-","-","-","-","-","-","-","-","-","-","-","-","-","-","-","-","-","-","-","-","-","38.4%","-","-","-","-","-","61.6%","-","-","-","-","-","-","-","-","-","-","-","-","-","-","-","-"
"2024-11-04","Yes","-","-","-","62.8%","-","-","-","-","-","18.6%","-","-","-","-","-","-","-","-","-","-","-","-","-","-","18.6%","-","-","-","-","-","-","-","-","-","-","-","-","-","-","-","-","-","-","-","-","-","-"
"2024-11-01","Yes","-","-","-","-","-","-","5.0%","-","-","-","-","-","-","-","-","-","-","-","-","-","-","-","-","-","8.3%","-","5.0%","-","5.0%","-","-","-","-","-","-","-","-","-","-","-","-","-","50.8%","-","-","-","25.8%"
"2024-10-31","Yes","-","-","-","-","-","-","-","-","-","-","-","-","-","-","-","-","-","-","-","-","-","-","-","-","8.3%","-","10.0%","-","5.0%","-","-","-","-","-","-","-","-","-","-","-","-","-","50.8%","-","-","-","25.8%"
"2024-10-30","Yes","-","-","-","51.0%","-","-","-","-","-","-","-","-","-","-","-","-","-","-","-","-","-","-","-","-","49.0%","-","-","-","-","-","-","-","-","-","-","-","-","-","-","-","-","-","-","-","-","-","-"
"2024-10-29","Yes","-","-","-","50.7%","-","-","-","-","-","-","-","-","-","-","-","-","-","-","-","-","-","-","-","-","49.3%","-","-","-","-","-","-","-","-","-","-","-","-","-","-","-","-","-","-","-","-","-","-"
"2024-10-28","Yes","-","-","-","-","-","-","-","-","-","-","-","-","-","-","-","-","-","-","-","-","-","-","-","-","48.1%","-","-","-","-","-","51.9%","-","-","-","-","-","-","-","-","-","-","-","-","-","-","-","-"
"2024-10-25","Yes","-","-","-","51.8%","-","-","-","-","-","-","-","-","-","-","-","-","-","-","-","-","-","-","-","-","48.2%","-","-","-","-","-","-","-","-","-","-","-","-","-","-","-","-","-","-","-","-","-","-"
"2024-10-24","Yes","-","-","-","-","-","-","-","-","-","-","-","-","-","-","-","-","-","-","-","-","-","-","-","-","47.3%","-","-","-","-","-","52.7%","-","-","-","-","-","-","-","-","-","-","-","-","-","-","-","-"
"2024-10-23","Yes","-","-","-","-","-","-","-","-","-","23.5%","-","-","-","-","0.2%","-","-","-","-","-","-","-","-","-","23.5%","52.8%","-","-","-","-","-","-","-","-","-","-","-","-","-","-","-","-","-","-","-","-","-"
"2024-10-22","Yes","-","-","-","-","-","-","-","-","-","-","-","-","-","-","-","-","-","-","-","-","-","-","52.8%","-","47.2%","-","-","-","-","-","-","-","-","-","-","-","-","-","-","-","-","-","-","-","-","-","-"
"2024-10-21","Yes","-","-","-","-","-","-","-","-","-","-","-","-","-","-","-","-","-","-","-","-","-","-","52.5%","-","47.5%","-","-","-","-","-","-","-","-","-","-","-","-","-","-","-","-","-","-","-","-","-","-"
"2024-10-18","Yes","-","-","-","-","-","-","-","-","-","-","-","-","-","-","-","-","-","-","-","-","-","-","52.0%","-","48.0%","-","-","-","-","-","-","-","-","-","-","-","-","-","-","-","-","-","-","-","-","-","-"
"2024-10-17","Yes","-","-","-","-","-","-","-","-","-","-","-","-","-","-","0.3%","-","-","-","-","-","-","-","-","-","48.0%","51.7%","-","-","-","-","-","-","-","-","-","-","-","-","-","-","-","-","-","-","-","-","-"
"2024-10-16","Yes","-","-","-","-","-","-","-","-","-","-","-","-","-","-","-","-","-","-","-","-","-","-","52.1%","-","47.9%","-","-","-","-","-","-","-","-","-","-","-","-","-","-","-","-","-","-","-","-","-","-"
"2024-10-15","Yes","-","-","-","-","-","-","-","-","-","-","-","-","-","-","-","-","-","-","-","-","-","-","52.2%","-","47.8%","-","-","-","-","-","-","-","-","-","-","-","-","-","-","-","-","-","-","-","-","-","-"
"2024-10-14","Yes","-","-","-","-","-","-","-","-","-","-","-","-","-","-","0.1%","-","-","-","-","-","-","-","-","-","48.4%","51.5%","-","-","-","-","-","-","-","-","-","-","-","-","-","-","-","-","-","-","-","-","-"
"2024-10-11","Yes","-","-","-","-","-","-","-","-","-","-","-","-","-","-","0.2%","-","-","-","-","-","-","-","-","-","48.1%","51.7%","-","-","-","-","-","-","-","-","-","-","-","-","-","-","-","-","-","-","-","-","-"
"2024-10-10","Yes","-","-","52.2%","-","-","-","-","-","-","-","-","-","-","-","-","-","-","-","-","-","-","-","-","-","47.8%","-","-","-","-","-","-","-","-","-","-","-","-","-","-","-","-","-","-","-","-","-","-"
"2024-10-09","Yes","-","-","52.4%","-","-","-","-","-","-","-","-","-","-","-","-","-","-","-","-","-","-","-","-","-","47.6%","-","-","-","-","-","-","-","-","-","-","-","-","-","-","-","-","-","-","-","-","-","-"
"2024-10-08","Yes","-","-","52.5%","-","-","-","-","-","-","-","-","-","-","-","-","-","-","-","-","-","-","-","-","-","47.5%","-","-","-","-","-","-","-","-","-","-","-","-","-","-","-","-","-","-","-","-","-","-"
"2024-10-07","Yes","-","-","-","-","-","-","5.0%","-","-","-","-","-","-","-","-","-","-","-","-","-","-","-","-","-","-","-","10.0%","-","5.0%","-","-","-","-","-","-","-","-","-","-","-","-","-","55.0%","-","-","-","25.0%"
"2024-10-04","Yes","-","-","-","-","-","-","-","-","-","-","-","-","-","-","-","-","-","-","-","-","-","-","-","-","-","-","-","-","-","-","-","-","-","-","-","-","100.0%","-","-","-","-","-","-","-","-","-","-"
"2024-10-03","Yes","-","-","-","-","-","-","-","-","-","-","-","-","-","-","-","-","-","-","-","-","-","-","-","-","57.3%","-","20.0%","-","-","-","-","-","-","-","-","-","2.5%","-","-","-","-","-","20.2%","-","-","-","-"
"2024-10-02","Yes","-","-","-","-","-","-","-","-","-","-","-","-","-","-","0.1%","-","-","-","-","-","-","-","-","-","47.2%","-","-","-","-","-","-","-","-","-","-","-","-","-","-","-","-","-","-","-","-","52.7%","-"
"2024-10-01","Yes","-","-","-","-","-","-","-","-","-","-","-","-","-","-","-","-","-","-","-","-","-","-","-","-","6.3%","-","20.0%","-","-","2.5%","-","35.9%","-","-","-","-","-","-","-","-","-","-","24.4%","-","-","-","10.9%"
"2024-09-30","Yes","-","-","50.9%","-","-","-","-","-","-","-","-","-","-","-","-","-","-","-","-","-","-","-","-","-","49.1%","-","-","-","-","-","-","-","-","-","-","-","-","-","-","-","-","-","-","-","-","-","-"
"2024-09-27","Yes","-","-","51.0%","-","-","-","-","-","-","-","-","-","-","-","-","-","-","-","-","-","-","-","-","-","49.0%","-","-","-","-","-","-","-","-","-","-","-","-","-","-","-","-","-","-","-","-","-","-"
"2024-09-26","Yes","-","-","51.0%","-","-","-","-","-","-","-","-","-","-","-","-","-","-","-","-","-","-","-","-","-","49.0%","-","-","-","-","-","-","-","-","-","-","-","-","-","-","-","-","-","-","-","-","-","-"
"2024-09-25","Yes","-","-","51.1%","-","-","-","-","-","-","-","-","-","-","-","-","-","-","-","-","-","-","-","-","-","48.9%","-","-","-","-","-","-","-","-","-","-","-","-","-","-","-","-","-","-","-","-","-","-"
"2024-09-24","Yes","-","-","51.1%","-","-","-","-","-","-","-","-","-","-","-","-","-","-","-","-","-","-","-","-","-","48.9%","-","-","-","-","-","-","-","-","-","-","-","-","-","-","-","-","-","-","-","-","-","-"
"2024-09-23","Yes","-","-","51.1%","-","-","-","-","-","-","-","-","-","-","-","-","-","-","-","-","-","-","-","-","-","48.9%","-","-","-","-","-","-","-","-","-","-","-","-","-","-","-","-","-","-","-","-","-","-"
"2024-09-20","Yes","-","-","50.9%","-","-","-","-","-","-","-","-","-","-","-","-","-","-","-","-","-","-","-","-","-","49.1%","-","-","-","-","-","-","-","-","-","-","-","-","-","-","-","-","-","-","-","-","-","-"
"2024-09-19","Yes","-","-","51.1%","-","-","-","-","-","-","-","-","-","-","-","-","-","-","-","-","-","-","-","-","-","48.9%","-","-","-","-","-","-","-","-","-","-","-","-","-","-","-","-","-","-","-","-","-","-"
"2024-09-18","Yes","-","-","50.9%","-","-","-","-","-","-","-","-","-","-","-","-","-","-","-","-","-","-","-","-","-","49.1%","-","-","-","-","-","-","-","-","-","-","-","-","-","-","-","-","-","-","-","-","-","-"
"2024-09-17","Yes","-","-","50.9%","-","-","-","-","-","-","-","-","-","-","-","-","-","-","-","-","-","-","-","-","-","49.1%","-","-","-","-","-","-","-","-","-","-","-","-","-","-","-","-","-","-","-","-","-","-"
"2024-09-16","Yes","-","-","50.8%","-","-","-","-","-","-","-","-","-","-","-","-","-","-","-","-","-","-","-","-","-","49.2%","-","-","-","-","-","-","-","-","-","-","-","-","-","-","-","-","-","-","-","-","-","-"
"2024-09-13","Yes","-","-","-","-","-","-","-","-","-","-","-","-","50.6%","-","0.1%","-","-","-","-","-","-","-","-","-","49.4%","-","-","-","-","-","-","-","-","-","-","-","-","-","-","-","-","-","-","-","-","-","-"
"2024-09-12","Yes","-","-","-","-","-","-","-","-","-","-","-","-","50.4%","-","0.1%","-","-","-","-","-","-","-","-","-","49.5%","-","-","-","-","-","-","-","-","-","-","-","-","-","-","-","-","-","-","-","-","-","-"
"2024-09-11","Yes","-","-","-","-","-","-","-","-","-","24.7%","-","-","-","-","-","-","-","-","-","-","-","-","-","-","24.7%","-","-","50.6%","-","-","-","-","-","-","-","-","-","-","-","-","-","-","-","-","-","-","-"
"2024-09-10","Yes","-","-","-","-","-","-","-","-","-","24.6%","-","-","50.8%","-","-","-","-","-","-","-","-","-","-","-","24.6%","-","-","-","-","-","-","-","-","-","-","-","-","-","-","-","-","-","-","-","-","-","-"
"2024-09-09","Yes","-","-","-","-","-","-","-","-","-","24.7%","-","-","50.5%","-","0.1%","-","-","-","-","-","-","-","-","-","24.7%","-","-","-","-","-","-","-","-","-","-","-","-","-","-","-","-","-","-","-","-","-","-"
"2024-09-06","Yes","-","24.8%","-","-","5.0%","-","-","-","-","-","-","-","-","-","0.2%","-","-","-","-","-","-","-","5.0%","-","35.4%","-","10.0%","-","-","-","-","-","-","-","-","-","2.5%","-","-","-","-","-","17.1%","-","-","-","-"
"2024-09-05","Yes","-","-","-","-","-","-","-","-","-","25.2%","-","-","49.6%","-","-","-","-","-","-","-","-","-","-","-","25.2%","-","-","-","-","-","-","-","-","-","-","-","-","-","-","-","-","-","-","-","-","-","-"
"2024-09-04","Yes","-","-","-","-","-","-","-","-","-","-","-","-","-","-","-","-","-","-","-","-","-","-","-","-","-","-","-","-","-","-","-","-","-","-","-","-","100.0%","-","-","-","-","-","-","-","-","-","-"
"2024-09-03","Yes","-","-","-","-","-","-","-","-","-","25.4%","-","-","-","-","0.2%","-","-","-","-","-","-","-","-","-","25.4%","-","-","-","-","-","-","-","-","-","-","-","-","-","-","-","-","-","-","-","-","49.0%","-"