"Date","Day Traded","$USD","GLD","IEF","TMF","TQQQ","UUP"
"Asset Type","","Cash","Equity","Equity","Equity","Equity","Equity"
"2025-08-29","Yes","-","-","-","-","100.0%","-"
"2025-08-28","Yes","-","-","-","-","100.0%","-"
"2025-08-27","Yes","-","-","-","-","100.0%","-"
"2025-08-26","Yes","-","-","-","-","100.0%","-"
"2025-08-25","Yes","-","-","-","-","100.0%","-"
"2025-08-22","Yes","-","-","-","-","100.0%","-"
"2025-08-21","Yes","-","-","-","-","100.0%","-"
"2025-08-20","Yes","-","-","-","-","100.0%","-"
"2025-08-19","Yes","-","-","-","-","100.0%","-"
"2025-08-18","Yes","-","-","-","-","100.0%","-"
"2025-08-15","Yes","-","-","-","-","100.0%","-"
"2025-08-14","Yes","-","-","-","-","100.0%","-"
"2025-08-13","Yes","-","-","-","-","100.0%","-"
"2025-08-12","Yes","-","-","-","-","100.0%","-"
"2025-08-11","Yes","-","-","-","-","100.0%","-"
"2025-08-08","Yes","-","-","-","-","100.0%","-"
"2025-08-07","Yes","-","-","-","-","100.0%","-"
"2025-08-06","Yes","-","-","-","-","100.0%","-"
"2025-08-05","Yes","-","-","-","-","100.0%","-"
"2025-08-04","Yes","-","-","-","-","100.0%","-"
"2025-08-01","Yes","-","-","-","-","100.0%","-"
"2025-07-31","Yes","-","-","-","-","100.0%","-"
"2025-07-30","Yes","-","-","-","-","100.0%","-"
"2025-07-29","Yes","-","-","-","-","100.0%","-"
"2025-07-28","Yes","-","6.7%","19.7%","3.1%","55.0%","15.5%"
"2025-07-25","Yes","-","6.7%","18.8%","2.9%","55.0%","16.6%"
"2025-07-24","Yes","-","13.6%","39.4%","6.1%","6.2%","34.7%"
"2025-07-23","Yes","-","13.6%","39.8%","6.1%","6.2%","34.3%"
"2025-07-22","Yes","-","-","-","-","100.0%","-"
"2025-07-21","Yes","-","-","-","-","100.0%","-"
"2025-07-18","Yes","-","-","-","-","100.0%","-"
"2025-07-17","Yes","-","-","-","-","100.0%","-"
"2025-07-16","Yes","-","-","-","-","100.0%","-"
"2025-07-15","Yes","-","13.2%","41.6%","6.6%","5.4%","33.2%"
"2025-07-14","Yes","-","-","-","-","100.0%","-"
"2025-07-11","Yes","-","-","-","-","100.0%","-"
"2025-07-10","Yes","-","-","-","-","100.0%","-"
"2025-07-09","Yes","-","-","-","-","100.0%","-"
"2025-07-08","Yes","-","-","-","-","100.0%","-"
"2025-07-07","Yes","-","-","-","-","100.0%","-"
"2025-07-03","Yes","-","-","-","-","100.0%","-"
"2025-07-02","Yes","-","11.8%","42.3%","7.2%","5.6%","33.2%"
"2025-07-01","Yes","-","5.6%","20.2%","3.4%","55.0%","15.7%"
"2025-06-30","Yes","-","5.7%","20.2%","3.4%","55.0%","15.7%"
"2025-06-27","Yes","-","5.6%","20.1%","3.4%","55.0%","15.8%"
"2025-06-26","Yes","-","-","-","-","100.0%","-"
"2025-06-25","Yes","-","5.6%","20.6%","3.5%","55.0%","15.4%"
"2025-06-24","Yes","-","-","-","-","100.0%","-"
"2025-06-23","Yes","-","-","-","-","100.0%","-"
"2025-06-20","Yes","-","5.3%","20.9%","3.4%","55.0%","15.3%"
"2025-06-18","Yes","-","5.4%","20.9%","3.4%","55.0%","15.3%"
"2025-06-17","Yes","-","5.5%","20.5%","3.4%","55.0%","15.5%"
"2025-06-16","Yes","-","11.5%","43.4%","7.5%","4.8%","32.8%"
"2025-06-13","Yes","-","5.7%","21.4%","3.4%","55.0%","14.5%"
"2025-06-12","Yes","-","5.5%","21.5%","3.4%","55.0%","14.6%"
"2025-06-11","Yes","-","5.5%","21.4%","3.4%","55.0%","14.7%"
"2025-06-10","Yes","-","5.6%","21.0%","3.2%","55.0%","15.2%"
"2025-06-09","Yes","-","12.1%","45.9%","6.9%","2.9%","32.3%"
"2025-06-06","Yes","-","12.7%","45.6%","7.2%","2.9%","31.7%"
"2025-06-05","Yes","-","5.8%","21.4%","3.3%","55.0%","14.5%"
"2025-06-04","Yes","-","5.8%","21.4%","3.3%","55.0%","14.5%"
"2025-06-03","Yes","-","12.4%","46.7%","7.1%","2.8%","31.0%"
"2025-06-02","Yes","-","12.6%","45.8%","7.1%","2.8%","31.8%"
"2025-05-30","Yes","-","5.9%","21.1%","3.3%","55.0%","14.7%"
"2025-05-29","Yes","-","5.9%","21.2%","3.3%","55.0%","14.6%"
"2025-05-28","Yes","-","5.9%","21.2%","3.3%","55.0%","14.6%"
"2025-05-27","Yes","-","5.9%","21.1%","3.3%","55.0%","14.7%"
"2025-05-23","Yes","-","5.9%","21.1%","3.3%","55.0%","14.7%"
"2025-05-22","Yes","-","12.9%","45.4%","7.2%","2.7%","31.8%"
"2025-05-21","Yes","-","12.9%","45.4%","7.1%","2.7%","31.8%"
"2025-05-20","Yes","-","12.7%","45.9%","7.2%","2.7%","31.5%"
"2025-05-19","Yes","-","5.9%","21.2%","3.3%","55.0%","14.5%"
"2025-05-16","Yes","-","-","-","-","100.0%","-"
"2025-05-15","Yes","-","-","-","-","100.0%","-"
"2025-05-14","Yes","-","12.9%","45.8%","7.2%","2.6%","31.5%"
"2025-05-13","Yes","-","13.1%","45.8%","7.2%","2.6%","31.3%"
"2025-05-12","Yes","-","13.2%","45.0%","7.1%","2.6%","32.1%"
"2025-05-09","Yes","-","-","-","-","100.0%","-"
"2025-05-08","Yes","-","-","-","-","100.0%","-"
"2025-05-07","Yes","-","-","-","-","100.0%","-"
"2025-05-06","Yes","-","-","-","-","100.0%","-"
"2025-05-05","Yes","-","-","-","-","100.0%","-"
"2025-05-02","Yes","-","-","-","-","100.0%","-"
"2025-05-01","Yes","-","-","-","-","100.0%","-"
"2025-04-30","Yes","-","-","-","-","100.0%","-"
"2025-04-29","Yes","-","-","-","-","100.0%","-"
"2025-04-28","Yes","-","-","-","-","100.0%","-"
"2025-04-25","Yes","-","-","-","-","100.0%","-"
"2025-04-24","Yes","-","-","-","-","100.0%","-"
"2025-04-23","Yes","-","-","-","100.0%","-","-"
"2025-04-22","Yes","-","-","-","100.0%","-","-"
"2025-04-21","Yes","-","-","-","100.0%","-","-"
"2025-04-17","Yes","-","-","-","-","100.0%","-"
"2025-04-16","Yes","-","-","-","100.0%","-","-"
"2025-04-15","Yes","-","-","-","-","100.0%","-"
"2025-04-14","Yes","-","-","-","100.0%","-","-"
"2025-04-11","Yes","-","-","-","100.0%","-","-"
"2025-04-10","Yes","-","-","-","100.0%","-","-"
"2025-04-09","Yes","-","-","-","100.0%","-","-"
"2025-04-08","Yes","-","-","-","100.0%","-","-"
"2025-04-07","Yes","-","-","-","100.0%","-","-"
"2025-04-04","Yes","-","-","-","100.0%","-","-"
"2025-04-03","Yes","-","-","-","100.0%","-","-"
"2025-04-02","Yes","-","-","-","-","100.0%","-"
"2025-04-01","Yes","-","-","-","-","100.0%","-"
"2025-03-31","Yes","-","-","-","-","100.0%","-"
"2025-03-28","Yes","-","-","-","-","100.0%","-"
"2025-03-27","Yes","-","-","-","-","100.0%","-"
"2025-03-26","Yes","-","-","-","-","100.0%","-"
"2025-03-25","Yes","-","-","-","-","100.0%","-"
"2025-03-24","Yes","-","-","-","-","100.0%","-"
"2025-03-21","Yes","-","-","-","-","100.0%","-"
"2025-03-20","Yes","-","-","-","-","100.0%","-"
"2025-03-19","Yes","-","-","-","-","100.0%","-"
"2025-03-18","Yes","-","-","-","-","100.0%","-"
"2025-03-17","Yes","-","-","-","-","100.0%","-"
"2025-03-14","Yes","-","-","-","100.0%","-","-"
"2025-03-13","Yes","-","-","-","100.0%","-","-"
"2025-03-12","Yes","-","19.4%","38.8%","6.3%","3.9%","31.6%"
"2025-03-11","Yes","-","8.9%","18.2%","3.0%","55.0%","14.8%"
"2025-03-10","Yes","-","8.9%","18.6%","3.0%","55.0%","14.5%"
"2025-03-07","Yes","-","19.2%","40.1%","6.4%","4.1%","30.2%"
"2025-03-06","Yes","-","19.2%","39.7%","6.4%","4.1%","30.5%"
"2025-03-05","Yes","-","19.2%","39.6%","6.4%","4.3%","30.5%"
"2025-03-04","Yes","-","-","-","100.0%","-","-"
"2025-03-03","Yes","-","-","-","100.0%","-","-"
"2025-02-28","Yes","-","8.6%","18.0%","2.9%","55.0%","15.4%"
"2025-02-27","Yes","-","8.6%","18.1%","2.9%","55.0%","15.3%"
"2025-02-26","Yes","-","-","-","-","100.0%","-"
"2025-02-25","Yes","-","8.8%","17.9%","2.9%","55.0%","15.4%"
"2025-02-24","Yes","-","-","-","-","100.0%","-"
"2025-02-21","Yes","-","-","-","-","100.0%","-"
"2025-02-20","Yes","-","8.6%","18.3%","3.0%","55.0%","15.1%"
"2025-02-19","Yes","-","17.5%","38.7%","6.3%","4.2%","33.2%"
"2025-02-18","Yes","-","17.5%","38.8%","6.3%","4.2%","33.3%"
"2025-02-14","Yes","-","8.2%","18.4%","3.0%","55.0%","15.4%"
"2025-02-13","Yes","-","8.4%","18.3%","2.9%","55.0%","15.3%"
"2025-02-12","Yes","-","17.5%","39.3%","6.4%","4.0%","32.9%"
"2025-02-11","Yes","-","17.1%","40.4%","6.5%","3.9%","32.0%"
"2025-02-10","Yes","-","17.3%","40.1%","6.4%","3.9%","32.4%"
"2025-02-07","Yes","-","17.8%","39.7%","6.3%","3.9%","32.3%"
"2025-02-06","Yes","-","8.2%","18.8%","3.0%","55.0%","15.0%"
"2025-02-05","Yes","-","-","-","-","100.0%","-"
"2025-02-04","Yes","-","8.3%","19.0%","3.1%","55.0%","14.6%"
"2025-02-03","Yes","-","17.6%","39.9%","6.5%","3.9%","32.1%"
"2025-01-31","Yes","-","7.8%","18.4%","2.9%","55.0%","15.9%"
"2025-01-30","Yes","-","7.7%","18.5%","3.0%","55.0%","15.9%"
"2025-01-29","Yes","-","16.5%","39.4%","6.3%","4.3%","33.5%"
"2025-01-28","Yes","-","7.8%","18.6%","3.0%","55.0%","15.6%"
"2025-01-27","Yes","-","7.8%","18.5%","3.0%","55.0%","15.7%"
"2025-01-24","Yes","-","7.6%","18.9%","3.0%","55.0%","15.4%"
"2025-01-23","Yes","-","16.0%","40.0%","6.4%","4.4%","33.2%"
"2025-01-22","Yes","-","7.5%","18.9%","3.0%","55.0%","15.5%"
"2025-01-21","Yes","-","7.5%","19.1%","3.0%","55.0%","15.4%"
"2025-01-17","Yes","-","7.4%","18.2%","2.9%","55.0%","16.5%"
"2025-01-16","Yes","-","7.0%","18.4%","2.9%","55.0%","16.6%"
"2025-01-15","Yes","-","7.1%","18.6%","2.9%","55.0%","16.5%"
"2025-01-14","Yes","-","14.7%","40.9%","6.3%","4.6%","33.4%"
"2025-01-13","Yes","-","14.6%","41.2%","6.2%","4.7%","33.3%"
"2025-01-10","Yes","-","14.8%","41.3%","6.1%","4.7%","33.0%"
"2025-01-08","Yes","-","14.9%","41.7%","5.9%","4.8%","32.8%"
"2025-01-07","Yes","-","15.0%","41.2%","5.9%","4.8%","33.0%"
"2025-01-06","Yes","-","14.8%","41.6%","5.9%","4.7%","33.0%"
"2025-01-03","Yes","-","14.6%","41.4%","5.9%","4.7%","33.5%"
"2025-01-02","Yes","-","14.5%","41.3%","5.9%","4.7%","33.7%"
"2024-12-31","Yes","-","6.9%","19.2%","2.7%","55.0%","16.1%"
"2024-12-30","Yes","-","6.9%","19.2%","2.7%","55.0%","16.2%"
"2024-12-27","Yes","-","14.4%","41.4%","5.8%","4.7%","33.6%"
"2024-12-26","Yes","-","6.8%","19.6%","2.8%","55.0%","15.9%"
"2024-12-24","Yes","-","14.2%","41.4%","5.8%","4.7%","33.8%"
"2024-12-23","Yes","-","14.5%","40.7%","5.7%","4.8%","34.3%"
"2024-12-20","Yes","-","6.8%","19.4%","2.7%","55.0%","16.1%"
"2024-12-19","Yes","-","14.3%","40.7%","5.6%","4.8%","34.5%"
"2024-12-18","Yes","-","14.3%","40.9%","5.7%","4.8%","34.3%"
"2024-12-17","Yes","-","6.7%","19.0%","2.6%","55.0%","16.6%"
"2024-12-16","Yes","-","14.2%","40.0%","5.5%","5.3%","35.0%"
"2024-12-13","Yes","-","14.1%","40.0%","5.5%","5.4%","35.1%"
"2024-12-12","Yes","-","14.1%","40.2%","5.5%","5.3%","34.8%"
"2024-12-11","Yes","-","14.3%","40.2%","5.6%","5.3%","34.6%"
"2024-12-10","Yes","-","14.3%","40.2%","5.6%","5.4%","34.5%"
"2024-12-09","Yes","-","14.5%","40.0%","5.6%","5.3%","34.6%"
"2024-12-06","Yes","-","7.2%","18.5%","2.7%","55.0%","16.7%"
"2024-12-05","Yes","-","7.2%","18.4%","2.7%","55.0%","16.7%"
"2024-12-04","Yes","-","7.2%","18.2%","2.6%","55.0%","17.0%"
"2024-12-03","Yes","-","15.0%","38.5%","5.6%","5.4%","35.6%"
"2024-12-02","Yes","-","7.1%","18.3%","2.7%","55.0%","16.9%"
"2024-11-29","Yes","-","7.1%","18.1%","2.7%","55.0%","17.1%"
"2024-11-27","Yes","-","7.1%","18.3%","2.7%","55.0%","16.8%"
"2024-11-26","Yes","-","7.0%","18.1%","2.7%","55.0%","17.2%"
"2024-11-25","Yes","-","7.0%","18.4%","2.7%","55.0%","17.0%"
"2024-11-22","Yes","-","14.9%","39.6%","5.8%","5.1%","34.6%"
"2024-11-21","Yes","-","14.9%","39.5%","5.8%","5.0%","34.7%"
"2024-11-20","Yes","-","7.0%","18.9%","2.8%","55.0%","16.3%"
"2024-11-19","Yes","-","7.0%","18.8%","2.8%","55.0%","16.5%"
"2024-11-18","Yes","-","7.0%","18.9%","2.8%","55.0%","16.4%"
"2024-11-15","Yes","-","7.2%","18.7%","2.7%","55.0%","16.5%"
"2024-11-14","Yes","-","15.1%","39.3%","5.7%","5.1%","34.8%"
"2024-11-13","Yes","-","14.7%","39.7%","5.8%","5.1%","34.6%"
"2024-11-12","Yes","-","14.8%","39.5%","5.8%","4.9%","34.9%"
"2024-11-11","Yes","-","7.0%","18.6%","2.8%","55.0%","16.6%"
"2024-11-08","Yes","-","7.5%","18.3%","2.7%","55.0%","16.4%"
"2024-11-07","Yes","-","15.7%","38.7%","5.9%","4.3%","35.3%"
"2024-11-06","Yes","-","15.3%","39.1%","5.8%","4.2%","35.6%"
"2024-11-05","Yes","-","7.6%","17.0%","2.6%","55.0%","17.8%"
"2024-11-04","Yes","-","7.6%","16.4%","2.5%","55.0%","18.4%"
"2024-11-01","Yes","-","15.8%","35.5%","5.5%","3.6%","39.6%"
"2024-10-31","Yes","-","15.7%","35.9%","5.6%","3.6%","39.2%"
"2024-10-30","Yes","-","16.4%","35.9%","5.6%","3.8%","38.3%"
"2024-10-29","Yes","-","16.4%","36.0%","5.6%","3.8%","38.1%"
"2024-10-28","Yes","-","16.7%","36.0%","5.6%","3.8%","38.0%"
"2024-10-25","Yes","-","17.2%","36.8%","5.8%","3.9%","36.3%"
"2024-10-24","Yes","-","16.7%","36.9%","5.9%","3.9%","36.6%"
"2024-10-23","Yes","-","16.8%","36.8%","5.9%","3.9%","36.7%"
"2024-10-22","Yes","-","-","-","-","100.0%","-"
"2024-10-21","Yes","-","-","-","-","100.0%","-"
"2024-10-18","Yes","-","-","-","-","100.0%","-"
"2024-10-17","Yes","-","-","-","-","100.0%","-"
"2024-10-16","Yes","-","-","-","-","100.0%","-"
"2024-10-15","Yes","-","-","-","-","100.0%","-"
"2024-10-14","Yes","-","-","-","-","100.0%","-"
"2024-10-11","Yes","-","-","-","-","100.0%","-"
"2024-10-10","Yes","-","-","-","-","100.0%","-"
"2024-10-09","Yes","-","-","-","-","100.0%","-"
"2024-10-08","Yes","-","-","-","-","100.0%","-"
"2024-10-07","Yes","-","-","-","-","100.0%","-"
"2024-10-04","Yes","-","-","-","-","100.0%","-"
"2024-10-03","Yes","-","-","-","-","100.0%","-"
"2024-10-02","Yes","-","-","-","-","100.0%","-"
"2024-10-01","Yes","-","-","-","-","100.0%","-"
"2024-09-30","Yes","-","-","-","-","100.0%","-"
"2024-09-27","Yes","-","-","-","-","100.0%","-"
"2024-09-26","Yes","-","-","-","-","100.0%","-"
"2024-09-25","Yes","-","-","-","-","100.0%","-"
"2024-09-24","Yes","-","-","-","-","100.0%","-"
"2024-09-23","Yes","-","-","-","-","100.0%","-"
"2024-09-20","Yes","-","-","-","-","100.0%","-"
"2024-09-19","Yes","-","-","-","-","100.0%","-"
"2024-09-18","Yes","-","-","-","-","100.0%","-"
"2024-09-17","Yes","-","-","-","-","100.0%","-"
"2024-09-16","Yes","-","-","-","-","100.0%","-"
"2024-09-13","Yes","-","-","-","-","100.0%","-"
"2024-09-12","Yes","-","-","-","-","100.0%","-"
"2024-09-11","Yes","-","-","-","-","100.0%","-"
"2024-09-10","Yes","-","-","-","-","100.0%","-"
"2024-09-09","Yes","-","-","-","100.0%","-","-"
"2024-09-06","Yes","-","-","-","100.0%","-","-"
"2024-09-05","Yes","-","-","-","-","100.0%","-"
"2024-09-04","Yes","-","-","-","-","100.0%","-"
"2024-09-03","Yes","-","-","-","-","100.0%","-"
"2024-08-30","Yes","-","-","-","-","100.0%","-"
"2024-08-29","Yes","-","-","-","-","100.0%","-"
"2024-08-28","Yes","-","-","-","-","100.0%","-"
"2024-08-27","Yes","-","-","-","-","100.0%","-"
"2024-08-26","Yes","-","-","-","-","100.0%","-"
"2024-08-23","Yes","-","-","-","-","100.0%","-"
"2024-08-22","Yes","-","-","-","-","100.0%","-"
"2024-08-21","Yes","-","-","-","-","100.0%","-"
"2024-08-20","Yes","-","-","-","-","100.0%","-"
"2024-08-19","Yes","-","-","-","-","100.0%","-"
"2024-08-16","Yes","-","-","-","-","100.0%","-"
"2024-08-15","Yes","-","-","-","-","100.0%","-"
"2024-08-14","Yes","-","-","-","-","100.0%","-"
"2024-08-13","Yes","-","-","-","-","100.0%","-"
"2024-08-12","Yes","-","-","-","-","100.0%","-"
"2024-08-09","Yes","-","-","-","100.0%","-","-"
"2024-08-08","Yes","-","-","-","100.0%","-","-"
"2024-08-07","Yes","-","-","-","100.0%","-","-"
"2024-08-06","Yes","-","-","-","100.0%","-","-"
"2024-08-05","Yes","-","-","-","100.0%","-","-"
"2024-08-02","Yes","-","-","-","100.0%","-","-"
"2024-08-01","Yes","-","-","-","100.0%","-","-"
"2024-07-31","Yes","-","-","-","-","100.0%","-"
"2024-07-30","Yes","-","-","-","100.0%","-","-"
"2024-07-29","Yes","-","-","-","100.0%","-","-"
"2024-07-26","Yes","-","-","-","100.0%","-","-"
"2024-07-25","Yes","-","-","-","100.0%","-","-"
"2024-07-24","Yes","-","-","-","100.0%","-","-"
"2024-07-23","Yes","-","-","-","100.0%","-","-"
"2024-07-22","Yes","-","-","-","100.0%","-","-"
"2024-07-19","Yes","-","-","-","100.0%","-","-"
"2024-07-18","Yes","-","-","-","-","100.0%","-"
"2024-07-17","Yes","-","-","-","-","100.0%","-"
"2024-07-16","Yes","-","-","-","-","100.0%","-"
"2024-07-15","Yes","-","-","-","-","100.0%","-"
"2024-07-12","Yes","-","-","-","-","100.0%","-"
"2024-07-11","Yes","-","-","-","-","100.0%","-"
"2024-07-10","Yes","-","-","-","-","100.0%","-"
"2024-07-09","Yes","-","-","-","-","100.0%","-"
"2024-07-08","Yes","-","-","-","-","100.0%","-"
"2024-07-05","Yes","-","-","-","-","100.0%","-"
"2024-07-03","Yes","-","-","-","-","100.0%","-"
"2024-07-02","Yes","-","13.1%","32.9%","5.2%","6.0%","42.8%"
"2024-07-01","Yes","-","13.2%","33.2%","5.3%","5.9%","42.4%"
"2024-06-28","Yes","-","13.0%","33.9%","5.4%","5.8%","41.8%"
"2024-06-27","Yes","-","-","-","-","100.0%","-"
"2024-06-26","Yes","-","13.2%","34.4%","5.7%","5.7%","41.0%"
"2024-06-25","Yes","-","5.9%","16.7%","2.8%","55.0%","19.7%"
"2024-06-24","Yes","-","5.9%","16.6%","2.8%","55.0%","19.7%"
"2024-06-21","Yes","-","12.4%","34.6%","5.8%","5.3%","41.8%"
"2024-06-20","Yes","-","6.1%","16.3%","2.7%","55.0%","20.0%"
"2024-06-18","Yes","-","12.9%","33.8%","5.7%","5.3%","42.4%"
"2024-06-17","Yes","-","12.7%","33.6%","5.6%","5.1%","43.0%"
"2024-06-14","Yes","-","-","-","-","100.0%","-"
"2024-06-13","Yes","-","-","-","-","100.0%","-"
"2024-06-12","Yes","-","-","-","-","100.0%","-"
"2024-06-11","Yes","-","6.3%","16.0%","2.8%","55.0%","19.9%"
"2024-06-10","Yes","-","13.1%","33.9%","5.9%","5.3%","41.7%"
"2024-06-07","Yes","-","13.0%","33.6%","5.9%","5.3%","42.3%"
"2024-06-06","Yes","-","6.5%","15.8%","2.7%","55.0%","20.0%"
"2024-06-05","Yes","-","6.5%","15.9%","2.8%","55.0%","19.8%"
"2024-06-04","Yes","-","6.5%","16.0%","2.8%","55.0%","19.7%"
"2024-06-03","Yes","-","6.6%","15.8%","2.7%","55.0%","19.8%"
"2024-05-31","Yes","-","6.4%","15.9%","2.8%","55.0%","19.9%"
"2024-05-30","Yes","-","6.4%","16.0%","2.8%","55.0%","19.8%"
"2024-05-29","Yes","-","13.4%","33.8%","5.9%","5.0%","41.9%"
"2024-05-28","Yes","-","13.4%","33.7%","5.9%","4.9%","42.1%"
"2024-05-24","Yes","-","13.5%","34.0%","6.1%","5.0%","41.5%"
"2024-05-23","Yes","-","13.6%","34.3%","6.1%","5.1%","40.9%"
"2024-05-22","Yes","-","6.7%","16.4%","2.9%","55.0%","19.0%"
"2024-05-21","Yes","-","7.0%","16.2%","2.9%","55.0%","18.9%"
"2024-05-20","Yes","-","14.7%","34.3%","6.2%","4.9%","39.9%"
"2024-05-17","Yes","-","14.7%","34.3%","6.2%","4.9%","40.0%"
"2024-05-16","Yes","-","7.2%","16.1%","2.9%","55.0%","18.9%"
"2024-05-15","Yes","-","7.2%","16.0%","2.9%","55.0%","18.9%"
"2024-05-14","Yes","-","7.0%","16.0%","2.9%","55.0%","19.1%"
"2024-05-13","Yes","-","14.8%","34.0%","6.1%","4.8%","40.5%"
"2024-05-10","Yes","-","14.9%","33.9%","6.1%","4.7%","40.4%"
"2024-05-09","Yes","-","7.2%","16.2%","2.9%","55.0%","18.7%"
"2024-05-08","Yes","-","15.4%","34.3%","6.1%","4.6%","39.6%"
"2024-05-07","Yes","-","7.4%","16.0%","2.8%","55.0%","18.8%"
"2024-05-06","Yes","-","7.2%","16.0%","2.8%","55.0%","18.9%"
"2024-05-03","Yes","-","7.1%","16.0%","2.9%","55.0%","19.0%"
"2024-05-02","Yes","-","7.0%","16.1%","2.9%","55.0%","19.0%"
"2024-05-01","Yes","-","14.6%","33.4%","5.9%","4.5%","41.6%"
"2024-04-30","Yes","-","14.5%","33.6%","5.9%","4.5%","41.5%"
"2024-04-29","Yes","-","7.1%","15.6%","2.7%","55.0%","19.6%"
"2024-04-26","Yes","-","15.1%","32.8%","5.6%","4.5%","41.9%"
"2024-04-25","Yes","-","15.0%","32.8%","5.6%","4.2%","42.4%"
"2024-04-24","Yes","-","14.9%","32.8%","5.6%","4.2%","42.4%"
"2024-04-23","Yes","-","7.0%","15.5%","2.6%","55.0%","19.9%"
"2024-04-22","Yes","-","7.0%","15.2%","2.6%","55.0%","20.2%"
"2024-04-19","Yes","-","16.8%","31.9%","5.5%","4.3%","41.6%"
"2024-04-18","Yes","-","7.9%","14.9%","2.6%","55.0%","19.6%"
"2024-04-17","Yes","-","7.9%","14.8%","2.6%","55.0%","19.6%"
"2024-04-16","Yes","-","16.7%","31.7%","5.6%","4.5%","41.5%"
"2024-04-15","Yes","-","16.6%","31.9%","5.6%","4.5%","41.4%"
"2024-04-12","Yes","-","8.0%","15.1%","2.7%","55.0%","19.3%"
"2024-04-11","Yes","-","17.2%","31.2%","5.5%","4.5%","41.7%"
"2024-04-10","Yes","-","18.1%","30.6%","5.5%","4.6%","41.2%"
"2024-04-09","Yes","-","8.2%","14.2%","2.4%","55.0%","20.2%"
"2024-04-08","Yes","-","18.1%","30.0%","5.3%","4.6%","42.1%"
"2024-04-05","Yes","-","18.4%","30.0%","5.1%","4.6%","41.9%"
"2024-04-04","Yes","-","9.0%","13.9%","2.4%","55.0%","19.7%"
"2024-04-03","Yes","-","19.4%","29.4%","5.1%","4.6%","41.5%"
"2024-04-02","Yes","-","19.4%","28.7%","5.0%","4.5%","42.4%"
"2024-04-01","Yes","-","19.8%","28.5%","5.0%","4.5%","42.2%"
"2024-03-28","Yes","-","9.3%","13.6%","2.4%","55.0%","19.7%"
"2024-03-27","Yes","-","9.4%","13.6%","2.4%","55.0%","19.6%"
"2024-03-26","Yes","-","20.1%","29.0%","5.1%","4.4%","41.4%"
"2024-03-25","Yes","-","9.4%","13.6%","2.4%","55.0%","19.6%"
"2024-03-22","Yes","-","9.4%","13.6%","2.4%","55.0%","19.6%"
"2024-03-21","Yes","-","9.3%","13.6%","2.3%","55.0%","19.8%"
"2024-03-20","Yes","-","8.8%","13.3%","2.3%","55.0%","20.5%"
"2024-03-19","Yes","-","9.2%","13.4%","2.3%","55.0%","20.2%"
"2024-03-18","Yes","-","19.2%","28.6%","4.9%","4.3%","43.1%"
"2024-03-15","Yes","-","19.3%","28.2%","4.9%","4.3%","43.4%"
"2024-03-14","Yes","-","19.3%","28.2%","4.9%","4.4%","43.2%"
"2024-03-13","Yes","-","19.1%","28.4%","4.9%","4.3%","43.2%"
"2024-03-12","Yes","-","19.0%","28.5%","4.9%","4.2%","43.4%"
"2024-03-11","Yes","-","-","-","-","100.0%","-"
"2024-03-08","Yes","-","-","-","-","100.0%","-"
"2024-03-07","Yes","-","-","-","-","100.0%","-"
"2024-03-06","Yes","-","-","-","-","100.0%","-"
"2024-03-05","Yes","-","-","-","-","100.0%","-"
"2024-03-04","Yes","-","9.3%","13.4%","2.3%","55.0%","19.9%"
"2024-03-01","Yes","-","-","-","-","100.0%","-"
"2024-02-29","Yes","-","10.8%","13.0%","2.2%","55.0%","18.9%"
"2024-02-28","Yes","-","-","-","-","100.0%","-"
"2024-02-27","Yes","-","23.1%","28.5%","4.8%","4.6%","38.9%"
"2024-02-26","Yes","-","-","-","-","100.0%","-"
"2024-02-23","Yes","-","-","-","-","100.0%","-"
"2024-02-22","Yes","-","-","-","-","100.0%","-"
"2024-02-21","Yes","-","-","-","-","100.0%","-"
"2024-02-20","Yes","-","-","-","-","100.0%","-"
"2024-02-16","Yes","-","-","-","-","100.0%","-"
"2024-02-15","Yes","-","-","-","-","100.0%","-"
"2024-02-14","Yes","-","-","-","-","100.0%","-"
"2024-02-13","Yes","-","-","-","-","100.0%","-"
"2024-02-12","Yes","-","-","-","-","100.0%","-"
"2024-02-09","Yes","-","-","-","-","100.0%","-"
"2024-02-08","Yes","-","-","-","-","100.0%","-"
"2024-02-07","Yes","-","-","-","-","100.0%","-"
"2024-02-06","Yes","-","-","-","-","100.0%","-"
"2024-02-05","Yes","-","-","-","-","100.0%","-"
"2024-02-02","Yes","-","-","-","-","100.0%","-"
"2024-02-01","Yes","-","-","-","-","100.0%","-"
"2024-01-31","Yes","-","-","-","-","100.0%","-"
"2024-01-30","Yes","-","-","-","-","100.0%","-"
"2024-01-29","Yes","-","-","-","-","100.0%","-"
"2024-01-26","Yes","-","-","-","-","100.0%","-"
"2024-01-25","Yes","-","-","-","-","100.0%","-"
"2024-01-24","Yes","-","-","-","-","100.0%","-"
"2024-01-23","Yes","-","-","-","-","100.0%","-"
"2024-01-22","Yes","-","-","-","-","100.0%","-"
"2024-01-19","Yes","-","-","-","-","100.0%","-"
"2024-01-18","Yes","-","-","-","-","100.0%","-"
"2024-01-17","Yes","-","-","-","-","100.0%","-"
"2024-01-16","Yes","-","-","-","-","100.0%","-"
"2024-01-12","Yes","-","-","-","-","100.0%","-"
"2024-01-11","Yes","-","-","-","-","100.0%","-"
"2024-01-10","Yes","-","-","-","-","100.0%","-"
"2024-01-09","Yes","-","-","-","-","100.0%","-"
"2024-01-08","Yes","-","-","-","-","100.0%","-"
"2024-01-05","Yes","-","-","-","-","100.0%","-"
"2024-01-04","Yes","-","-","-","-","100.0%","-"
"2024-01-03","Yes","-","-","-","-","100.0%","-"
"2024-01-02","Yes","-","-","-","-","100.0%","-"
"2023-12-29","Yes","-","-","-","-","100.0%","-"
"2023-12-28","Yes","-","-","-","-","100.0%","-"
"2023-12-27","Yes","-","-","-","-","100.0%","-"
"2023-12-26","Yes","-","-","-","-","100.0%","-"
"2023-12-22","Yes","-","-","-","-","100.0%","-"
"2023-12-21","Yes","-","-","-","-","100.0%","-"
"2023-12-20","Yes","-","-","-","-","100.0%","-"
"2023-12-19","Yes","-","-","-","-","100.0%","-"
"2023-12-18","Yes","-","-","-","-","100.0%","-"
"2023-12-15","Yes","-","-","-","-","100.0%","-"
"2023-12-14","Yes","-","-","-","-","100.0%","-"
"2023-12-13","Yes","-","-","-","-","100.0%","-"
"2023-12-12","Yes","-","-","-","-","100.0%","-"
"2023-12-11","Yes","-","-","-","-","100.0%","-"
"2023-12-08","Yes","-","-","-","-","100.0%","-"
"2023-12-07","Yes","-","-","-","-","100.0%","-"
"2023-12-06","Yes","-","-","-","-","100.0%","-"
"2023-12-05","Yes","-","-","-","-","100.0%","-"
"2023-12-04","Yes","-","-","-","-","100.0%","-"
"2023-12-01","Yes","-","-","-","-","100.0%","-"
"2023-11-30","Yes","-","-","-","-","100.0%","-"
"2023-11-29","Yes","-","-","-","-","100.0%","-"
"2023-11-28","Yes","-","9.8%","13.6%","2.1%","55.0%","19.5%"
"2023-11-27","Yes","-","10.0%","13.5%","2.0%","55.0%","19.5%"
"2023-11-24","Yes","-","21.1%","28.4%","4.3%","5.6%","40.6%"
"2023-11-22","Yes","-","10.0%","13.5%","2.0%","55.0%","19.6%"
"2023-11-21","Yes","-","10.0%","13.4%","2.0%","55.0%","19.6%"
"2023-11-20","Yes","-","10.1%","13.3%","2.0%","55.0%","19.6%"
"2023-11-17","Yes","-","10.1%","13.3%","2.0%","55.0%","19.6%"
"2023-11-16","Yes","-","10.0%","13.2%","2.0%","55.0%","19.9%"
"2023-11-15","Yes","-","10.1%","13.4%","2.0%","55.0%","19.4%"
"2023-11-14","Yes","-","10.1%","13.5%","2.0%","55.0%","19.4%"
"2023-11-13","Yes","-","9.1%","13.1%","1.8%","55.0%","20.9%"
"2023-11-10","Yes","-","19.6%","27.9%","3.9%","4.7%","43.8%"
"2023-11-09","Yes","-","19.8%","27.8%","3.9%","4.9%","43.6%"
"2023-11-08","Yes","-","9.3%","13.3%","1.9%","55.0%","20.5%"
"2023-11-07","Yes","-","9.4%","13.3%","1.9%","55.0%","20.4%"
"2023-11-06","Yes","-","9.3%","13.4%","1.9%","55.0%","20.3%"
"2023-11-03","Yes","-","9.5%","13.5%","1.9%","55.0%","20.0%"
"2023-11-02","Yes","-","9.2%","13.3%","1.9%","55.0%","20.6%"
"2023-11-01","Yes","-","9.0%","13.3%","1.9%","55.0%","20.8%"
"2023-10-31","Yes","-","19.0%","29.3%","4.2%","4.8%","42.7%"
"2023-10-30","Yes","-","19.0%","29.0%","4.1%","4.8%","43.2%"
"2023-10-27","Yes","-","8.9%","13.6%","1.9%","55.0%","20.6%"
"2023-10-26","Yes","-","19.6%","29.1%","4.1%","4.6%","42.5%"
"2023-10-25","Yes","-","19.6%","28.9%","4.1%","4.7%","42.6%"
"2023-10-24","Yes","-","9.2%","13.9%","2.0%","55.0%","19.9%"
"2023-10-23","Yes","-","9.2%","13.7%","2.0%","55.0%","20.2%"
"2023-10-20","Yes","-","19.1%","28.7%","4.2%","4.8%","43.2%"
"2023-10-19","Yes","-","19.0%","29.0%","4.2%","4.8%","43.0%"
"2023-10-18","Yes","-","19.2%","28.9%","4.2%","4.7%","43.0%"
"2023-10-17","Yes","-","19.6%","28.7%","4.2%","4.7%","42.8%"
"2023-10-16","Yes","-","19.5%","29.5%","4.2%","4.6%","42.2%"
"2023-10-13","Yes","-","19.3%","29.2%","4.2%","4.6%","42.8%"
"2023-10-12","Yes","-","23.8%","27.5%","4.0%","4.4%","40.3%"
"2023-10-11","Yes","-","10.8%","13.0%","1.9%","55.0%","19.4%"
"2023-10-10","Yes","-","10.9%","13.0%","2.0%","55.0%","19.1%"
"2023-10-09","Yes","-","10.8%","12.9%","2.0%","55.0%","19.3%"
"2023-10-06","Yes","-","25.8%","27.5%","4.2%","4.1%","38.5%"
"2023-10-05","Yes","-","12.3%","12.7%","1.9%","55.0%","18.1%"
"2023-10-04","Yes","-","26.0%","27.1%","4.0%","4.0%","39.0%"
"2023-10-03","Yes","-","25.1%","27.6%","4.0%","4.1%","39.3%"
"2023-10-02","Yes","-","24.7%","28.0%","4.1%","4.2%","39.0%"
"2023-09-29","Yes","-","11.3%","13.1%","1.9%","55.0%","18.6%"
"2023-09-28","Yes","-","24.3%","28.1%","4.2%","4.2%","39.2%"
"2023-09-27","Yes","-","23.9%","27.8%","4.1%","4.2%","40.0%"
"2023-09-26","Yes","-","24.5%","27.6%","4.1%","4.1%","39.7%"
"2023-09-25","Yes","-","24.8%","27.5%","4.1%","4.2%","39.5%"
"2023-09-22","Yes","-","24.7%","27.7%","4.2%","4.1%","39.2%"
"2023-09-21","Yes","-","25.0%","27.7%","4.3%","4.0%","38.9%"
"2023-09-20","Yes","-","25.3%","27.9%","4.5%","4.1%","38.3%"
"2023-09-19","Yes","-","24.2%","28.2%","4.5%","4.2%","38.9%"
"2023-09-18","Yes","-","24.2%","28.3%","4.5%","4.2%","38.8%"
"2023-09-15","Yes","-","24.4%","28.0%","4.5%","4.1%","39.0%"
"2023-09-14","Yes","-","25.7%","27.7%","4.6%","4.3%","37.7%"
"2023-09-13","Yes","-","12.1%","13.5%","2.3%","55.0%","17.1%"
"2023-09-12","Yes","-","25.7%","28.6%","4.9%","4.6%","36.2%"
"2023-09-11","Yes","-","26.0%","28.4%","5.0%","4.6%","36.0%"
"2023-09-08","Yes","-","12.3%","13.7%","2.4%","55.0%","16.7%"
"2023-09-07","Yes","-","12.4%","13.5%","2.4%","55.0%","16.8%"
"2023-09-06","Yes","-","26.2%","28.5%","5.0%","4.9%","35.4%"
"2023-09-05","Yes","-","26.3%","28.4%","5.0%","4.9%","35.4%"
"2023-09-01","Yes","-","26.5%","28.5%","5.0%","4.8%","35.2%"
"2023-08-31","Yes","-","12.6%","13.2%","2.4%","55.0%","16.9%"
"2023-08-30","Yes","-","12.6%","13.1%","2.4%","55.0%","16.9%"
"2023-08-29","Yes","-","12.5%","13.1%","2.4%","55.0%","17.0%"
"2023-08-28","Yes","-","12.6%","13.1%","2.3%","55.0%","16.9%"
"2023-08-25","Yes","-","26.9%","27.7%","4.9%","4.7%","35.7%"
"2023-08-24","Yes","-","12.5%","13.2%","2.3%","55.0%","17.0%"
"2023-08-23","Yes","-","12.4%","13.1%","2.3%","55.0%","17.2%"
"2023-08-22","Yes","-","25.7%","28.4%","5.2%","4.9%","35.8%"
"2023-08-21","Yes","-","25.7%","28.3%","5.2%","4.9%","35.9%"
"2023-08-18","Yes","-","12.2%","13.4%","2.5%","55.0%","16.9%"
"2023-08-17","Yes","-","25.9%","28.6%","5.3%","5.0%","35.3%"
"2023-08-16","Yes","-","25.8%","28.4%","5.3%","5.1%","35.4%"
"2023-08-15","Yes","-","25.9%","28.3%","5.3%","5.0%","35.4%"
"2023-08-14","Yes","-","26.0%","28.3%","5.3%","5.1%","35.3%"
"2023-08-11","Yes","-","25.3%","28.7%","5.4%","5.3%","35.3%"
"2023-08-10","Yes","-","24.7%","28.8%","5.4%","5.2%","35.9%"
"2023-08-09","Yes","-","11.6%","13.9%","2.6%","55.0%","16.9%"
"2023-08-08","Yes","-","11.6%","13.9%","2.6%","55.0%","16.9%"
"2023-08-07","Yes","-","11.4%","14.2%","2.7%","55.0%","16.6%"
"2023-08-04","Yes","-","11.6%","14.6%","2.8%","55.0%","15.9%"
"2023-08-03","Yes","-","24.0%","31.5%","6.0%","5.4%","33.1%"
"2023-08-02","Yes","-","23.8%","31.2%","6.4%","5.4%","33.2%"
"2023-08-01","Yes","-","23.7%","31.1%","6.4%","5.4%","33.3%"
"2023-07-31","Yes","-","11.3%","14.7%","3.2%","55.0%","15.8%"
"2023-07-28","Yes","-","23.6%","31.2%","6.7%","5.2%","33.3%"
"2023-07-27","Yes","-","23.9%","31.2%","6.7%","5.2%","33.1%"
"2023-07-26","Yes","-","11.5%","14.8%","3.2%","55.0%","15.6%"
"2023-07-25","Yes","-","23.9%","31.3%","6.8%","5.0%","33.1%"
"2023-07-24","Yes","-","23.6%","31.6%","6.9%","5.0%","32.9%"
"2023-07-21","Yes","-","23.6%","31.6%","6.9%","4.9%","33.0%"
"2023-07-20","Yes","-","23.0%","31.7%","6.9%","5.0%","33.4%"
"2023-07-19","Yes","-","10.8%","15.2%","3.2%","55.0%","15.8%"
"2023-07-18","Yes","-","10.8%","15.2%","3.3%","55.0%","15.7%"
"2023-07-17","Yes","-","23.4%","31.9%","6.9%","5.3%","32.5%"
"2023-07-14","Yes","-","11.2%","14.9%","3.3%","55.0%","15.6%"
"2023-07-13","Yes","-","11.1%","15.1%","3.3%","55.0%","15.5%"
"2023-07-12","Yes","-","11.0%","15.2%","3.2%","55.0%","15.7%"
"2023-07-11","Yes","-","10.5%","15.2%","3.2%","55.0%","16.2%"
"2023-07-10","Yes","-","10.4%","15.3%","3.1%","55.0%","16.2%"
"2023-07-07","Yes","-","21.8%","32.3%","6.7%","5.0%","34.2%"
"2023-07-06","Yes","-","21.0%","30.7%","6.3%","5.2%","36.9%"
"2023-07-05","Yes","-","21.3%","30.3%","5.8%","5.3%","37.2%"
"2023-07-03","Yes","-","10.2%","14.2%","2.7%","55.0%","17.9%"
"2023-06-30","Yes","-","21.5%","29.8%","5.7%","5.0%","37.9%"
"2023-06-29","Yes","-","21.6%","29.6%","5.7%","5.1%","38.0%"
"2023-06-28","Yes","-","10.2%","14.0%","2.7%","55.0%","18.0%"
"2023-06-27","Yes","-","21.5%","29.6%","5.7%","4.9%","38.2%"
"2023-06-26","Yes","-","10.1%","14.1%","2.7%","55.0%","18.2%"
"2023-06-23","Yes","-","21.3%","29.5%","5.7%","5.1%","38.5%"
"2023-06-22","Yes","-","21.1%","29.4%","5.7%","5.1%","38.7%"
"2023-06-21","Yes","-","10.1%","14.0%","2.7%","55.0%","18.2%"
"2023-06-20","Yes","-","21.2%","29.2%","5.7%","5.3%","38.6%"
"2023-06-16","Yes","-","9.9%","14.0%","2.7%","55.0%","18.3%"
"2023-06-15","Yes","-","9.7%","14.3%","2.8%","55.0%","18.3%"
"2023-06-14","Yes","-","20.3%","30.4%","5.8%","5.2%","38.3%"
"2023-06-13","Yes","-","20.1%","30.4%","5.9%","5.2%","38.5%"
"2023-06-12","Yes","-","9.6%","14.3%","2.8%","55.0%","18.3%"
"2023-06-09","Yes","-","9.6%","14.4%","2.8%","55.0%","18.3%"
"2023-06-08","Yes","-","20.2%","30.2%","5.8%","5.3%","38.7%"
"2023-06-07","Yes","-","19.4%","29.9%","5.8%","5.2%","39.6%"
"2023-06-06","Yes","-","9.4%","14.3%","2.8%","55.0%","18.5%"
"2023-06-05","Yes","-","-","-","-","100.0%","-"
"2023-06-02","Yes","-","-","-","-","100.0%","-"
"2023-06-01","Yes","-","-","-","-","100.0%","-"
"2023-05-31","Yes","-","-","-","-","100.0%","-"
"2023-05-30","Yes","-","-","-","-","100.0%","-"
"2023-05-26","Yes","-","-","-","-","100.0%","-"
"2023-05-25","Yes","-","-","-","-","100.0%","-"
"2023-05-24","Yes","-","-","-","-","100.0%","-"
"2023-05-23","Yes","-","-","-","-","100.0%","-"
"2023-05-22","Yes","-","-","-","-","100.0%","-"
"2023-05-19","Yes","-","-","-","-","100.0%","-"
"2023-05-18","Yes","-","-","-","-","100.0%","-"
"2023-05-17","Yes","-","-","-","-","100.0%","-"
"2023-05-16","Yes","-","-","-","-","100.0%","-"
"2023-05-15","Yes","-","-","-","-","100.0%","-"
"2023-05-12","Yes","-","-","-","-","100.0%","-"
"2023-05-11","Yes","-","-","-","-","100.0%","-"
"2023-05-10","Yes","-","-","-","-","100.0%","-"
"2023-05-09","Yes","-","-","-","-","100.0%","-"
"2023-05-08","Yes","-","-","-","-","100.0%","-"
"2023-05-05","Yes","-","-","-","-","100.0%","-"
"2023-05-04","Yes","-","-","-","-","100.0%","-"
"2023-05-03","Yes","-","-","-","-","100.0%","-"
"2023-05-02","Yes","-","18.7%","27.1%","5.5%","6.0%","42.7%"
"2023-05-01","Yes","-","19.0%","27.6%","5.6%","6.0%","41.8%"
"2023-04-28","Yes","-","9.0%","13.5%","2.8%","55.0%","19.6%"
"2023-04-27","Yes","-","18.9%","28.3%","6.0%","5.7%","41.1%"
"2023-04-26","Yes","-","9.0%","13.7%","2.9%","55.0%","19.5%"
"2023-04-25","Yes","-","9.1%","13.5%","2.8%","55.0%","19.6%"
"2023-04-24","Yes","-","9.0%","13.5%","2.9%","55.0%","19.6%"
"2023-04-21","Yes","-","9.0%","13.5%","2.8%","55.0%","19.7%"
"2023-04-20","Yes","-","9.0%","13.7%","2.8%","55.0%","19.4%"
"2023-04-19","Yes","-","9.0%","13.7%","2.8%","55.0%","19.4%"
"2023-04-18","Yes","-","19.0%","28.7%","5.9%","5.7%","40.7%"
"2023-04-17","Yes","-","19.0%","28.6%","5.9%","5.7%","40.8%"
"2023-04-14","Yes","-","18.8%","28.6%","5.9%","5.6%","41.1%"
"2023-04-13","Yes","-","9.2%","13.5%","2.8%","55.0%","19.6%"
"2023-04-12","Yes","-","9.2%","13.4%","2.8%","55.0%","19.6%"
"2023-04-11","Yes","-","19.6%","27.8%","5.8%","5.4%","41.4%"
"2023-04-10","Yes","-","-","-","-","100.0%","-"
"2023-04-06","Yes","-","-","-","-","100.0%","-"
"2023-04-05","Yes","-","-","-","-","100.0%","-"
"2023-04-04","Yes","-","-","-","-","100.0%","-"
"2023-04-03","Yes","-","-","-","-","100.0%","-"
"2023-03-31","Yes","-","-","-","-","100.0%","-"
"2023-03-30","Yes","-","-","-","-","100.0%","-"
"2023-03-29","Yes","-","-","-","-","100.0%","-"
"2023-03-28","Yes","-","-","-","-","100.0%","-"
"2023-03-27","Yes","-","-","-","-","100.0%","-"
"2023-03-24","Yes","-","-","-","-","100.0%","-"
"2023-03-23","Yes","-","-","-","-","100.0%","-"
"2023-03-22","Yes","-","-","-","-","100.0%","-"
"2023-03-21","Yes","-","19.5%","29.3%","5.8%","4.6%","40.8%"
"2023-03-20","Yes","-","-","-","-","100.0%","-"
"2023-03-17","Yes","-","-","-","-","100.0%","-"
"2023-03-16","Yes","-","10.0%","13.8%","2.6%","55.0%","18.6%"
"2023-03-15","Yes","-","10.0%","13.9%","2.6%","55.0%","18.6%"
"2023-03-14","Yes","-","9.7%","14.2%","2.6%","55.0%","18.6%"
"2023-03-13","Yes","-","9.8%","14.5%","2.7%","55.0%","18.0%"
"2023-03-10","Yes","-","10.0%","14.8%","2.6%","55.0%","17.6%"
"2023-03-09","Yes","-","10.0%","15.3%","2.7%","55.0%","17.0%"
"2023-03-08","Yes","-","21.7%","32.8%","5.7%","4.4%","35.3%"
"2023-03-07","Yes","-","21.8%","32.8%","5.6%","4.5%","35.3%"
"2023-03-06","Yes","-","10.5%","15.0%","2.6%","55.0%","16.9%"
"2023-03-03","Yes","-","10.5%","15.0%","2.6%","55.0%","16.9%"
"2023-03-02","Yes","-","22.4%","31.8%","5.5%","4.3%","36.0%"
"2023-03-01","Yes","-","22.3%","31.7%","5.5%","4.3%","36.3%"
"2023-02-28","Yes","-","10.2%","15.1%","2.6%","55.0%","17.2%"
"2023-02-27","Yes","-","21.8%","32.1%","5.5%","4.1%","36.6%"
"2023-02-24","Yes","-","21.3%","32.3%","5.4%","4.2%","36.9%"
"2023-02-23","Yes","-","10.0%","14.9%","2.5%","55.0%","17.6%"
"2023-02-22","Yes","-","21.1%","32.0%","5.3%","4.1%","37.4%"
"2023-02-21","Yes","-","20.8%","32.6%","5.5%","4.0%","37.0%"
"2023-02-17","Yes","-","-","-","-","100.0%","-"
"2023-02-16","Yes","-","-","-","-","100.0%","-"
"2023-02-15","Yes","-","-","-","-","100.0%","-"
"2023-02-14","Yes","-","-","-","-","100.0%","-"
"2023-02-13","Yes","-","-","-","-","100.0%","-"
"2023-02-10","Yes","-","-","-","-","100.0%","-"
"2023-02-09","Yes","-","-","-","-","100.0%","-"
"2023-02-08","Yes","-","-","-","-","100.0%","-"
"2023-02-07","Yes","-","-","-","-","100.0%","-"
"2023-02-06","Yes","-","-","-","-","100.0%","-"
"2023-02-03","Yes","-","-","-","-","100.0%","-"
"2023-02-02","Yes","-","-","-","-","100.0%","-"
"2023-02-01","Yes","-","-","-","-","100.0%","-"
"2023-01-31","Yes","-","-","-","-","100.0%","-"
"2023-01-30","Yes","-","-","-","-","100.0%","-"
"2023-01-27","Yes","-","-","-","-","100.0%","-"
"2023-01-26","Yes","-","-","-","-","100.0%","-"
"2023-01-25","Yes","-","-","-","-","100.0%","-"
"2023-01-24","Yes","-","-","-","-","100.0%","-"
"2023-01-23","Yes","-","-","-","-","100.0%","-"
"2023-01-20","Yes","-","-","-","-","100.0%","-"
"2023-01-19","Yes","-","-","-","-","100.0%","-"
"2023-01-18","Yes","-","-","-","-","100.0%","-"
"2023-01-17","Yes","-","-","-","-","100.0%","-"
"2023-01-13","Yes","-","-","-","-","100.0%","-"
"2023-01-12","Yes","-","-","-","-","100.0%","-"
"2023-01-11","Yes","-","-","-","-","100.0%","-"
"2023-01-10","Yes","-","-","-","-","100.0%","-"
"2023-01-09","Yes","-","-","-","-","100.0%","-"
"2023-01-06","Yes","-","-","-","-","100.0%","-"
"2023-01-05","Yes","-","-","-","-","100.0%","-"
"2023-01-04","Yes","-","-","-","-","100.0%","-"
"2023-01-03","Yes","-","-","-","-","100.0%","-"
"2022-12-30","Yes","-","-","-","-","100.0%","-"
"2022-12-29","Yes","-","-","-","100.0%","-","-"
"2022-12-28","Yes","-","-","-","-","100.0%","-"
"2022-12-27","Yes","-","-","-","-","100.0%","-"
"2022-12-23","Yes","-","-","-","-","100.0%","-"
"2022-12-22","Yes","-","-","-","-","100.0%","-"
"2022-12-21","Yes","-","-","-","100.0%","-","-"
"2022-12-20","Yes","-","-","-","100.0%","-","-"
"2022-12-19","Yes","-","-","-","-","100.0%","-"
"2022-12-16","Yes","-","-","-","-","100.0%","-"
"2022-12-15","Yes","-","-","-","100.0%","-","-"
"2022-12-14","Yes","-","-","-","-","100.0%","-"
"2022-12-13","Yes","-","-","-","-","100.0%","-"
"2022-12-12","Yes","-","22.4%","36.5%","5.6%","3.9%","31.6%"
"2022-12-09","Yes","-","22.4%","36.5%","5.6%","3.8%","31.7%"
"2022-12-08","Yes","-","-","-","-","100.0%","-"
"2022-12-07","Yes","-","-","-","-","100.0%","-"
"2022-12-06","Yes","-","22.5%","37.5%","6.0%","3.8%","30.2%"
"2022-12-05","Yes","-","21.9%","37.3%","6.1%","3.9%","30.8%"
"2022-12-02","Yes","-","10.3%","17.6%","2.8%","55.0%","14.3%"
"2022-12-01","Yes","-","10.4%","17.5%","2.8%","55.0%","14.3%"
"2022-11-30","Yes","-","10.7%","16.6%","2.9%","55.0%","14.8%"
"2022-11-29","Yes","-","23.0%","35.4%","6.0%","4.0%","31.7%"
"2022-11-28","Yes","-","23.4%","34.5%","6.1%","4.1%","31.9%"
"2022-11-25","Yes","-","10.9%","16.5%","2.9%","55.0%","14.7%"
"2022-11-23","Yes","-","11.1%","16.1%","2.9%","55.0%","15.0%"
"2022-11-22","Yes","-","11.1%","16.1%","2.9%","55.0%","14.9%"
"2022-11-21","Yes","-","23.5%","34.3%","6.2%","4.2%","31.8%"
"2022-11-18","Yes","-","23.5%","34.1%","6.2%","4.2%","32.0%"
"2022-11-17","Yes","-","11.1%","16.0%","2.9%","55.0%","15.0%"
"2022-11-16","Yes","-","10.8%","16.1%","2.9%","55.0%","15.1%"
"2022-11-15","Yes","-","10.7%","16.2%","3.0%","55.0%","15.1%"
"2022-11-14","Yes","-","22.8%","35.2%","6.5%","4.0%","31.5%"
"2022-11-11","Yes","-","10.7%","16.5%","3.1%","55.0%","14.8%"
"2022-11-10","Yes","-","10.6%","16.4%","3.0%","55.0%","15.0%"
"2022-11-09","Yes","-","10.4%","16.7%","3.1%","55.0%","14.9%"
"2022-11-08","Yes","-","10.4%","16.7%","3.0%","55.0%","15.0%"
"2022-11-07","Yes","-","23.0%","35.0%","6.2%","4.1%","31.7%"
"2022-11-04","Yes","-","22.9%","34.7%","6.2%","4.1%","32.0%"
"2022-11-03","Yes","-","24.3%","33.0%","6.0%","4.0%","32.7%"
"2022-11-02","Yes","-","24.1%","32.9%","5.9%","4.0%","33.0%"
"2022-11-01","Yes","-","24.0%","32.9%","5.9%","4.1%","33.1%"
"2022-10-31","Yes","-","24.3%","32.7%","6.0%","4.1%","33.0%"
"2022-10-28","Yes","-","11.3%","15.3%","2.8%","55.0%","15.6%"
"2022-10-27","Yes","-","11.4%","15.2%","2.7%","55.0%","15.6%"
"2022-10-26","Yes","-","11.3%","15.3%","2.8%","55.0%","15.7%"
"2022-10-25","Yes","-","11.1%","15.3%","2.8%","55.0%","15.9%"
"2022-10-24","Yes","-","10.8%","15.6%","2.9%","55.0%","15.7%"
"2022-10-21","Yes","-","23.1%","33.1%","6.2%","3.9%","33.6%"
"2022-10-20","Yes","-","23.8%","32.6%","6.2%","3.9%","33.5%"
"2022-10-19","Yes","-","23.7%","32.6%","6.2%","3.9%","33.5%"
"2022-10-18","Yes","-","11.2%","15.3%","2.9%","55.0%","15.6%"
"2022-10-17","Yes","-","23.7%","33.0%","6.3%","3.9%","33.1%"
"2022-10-14","Yes","-","23.2%","32.5%","6.2%","4.0%","34.1%"
"2022-10-13","Yes","-","23.5%","32.3%","6.0%","4.1%","34.2%"
"2022-10-12","Yes","-","11.1%","15.3%","2.8%","55.0%","15.8%"
"2022-10-11","Yes","-","23.8%","32.7%","6.0%","4.0%","33.5%"
"2022-10-10","Yes","-","23.7%","32.6%","5.9%","4.1%","33.7%"
"2022-10-07","Yes","-","24.3%","31.9%","5.9%","4.1%","33.8%"
"2022-10-06","Yes","-","23.9%","32.0%","6.0%","4.4%","33.7%"
"2022-10-05","Yes","-","23.8%","31.8%","5.8%","4.2%","34.3%"
"2022-10-04","Yes","-","11.2%","14.7%","2.7%","55.0%","16.4%"
"2022-10-03","Yes","-","11.3%","14.3%","2.5%","55.0%","16.9%"
"2022-09-30","Yes","-","25.3%","30.4%","5.3%","4.2%","34.8%"
"2022-09-29","Yes","-","11.8%","14.1%","2.5%","55.0%","16.6%"
"2022-09-28","Yes","-","11.7%","14.3%","2.6%","55.0%","16.5%"
"2022-09-27","Yes","-","24.6%","32.2%","5.5%","3.8%","33.9%"
"2022-09-26","Yes","-","24.5%","32.3%","5.7%","3.8%","33.7%"
"2022-09-23","Yes","-","24.5%","32.3%","5.5%","3.7%","34.0%"
"2022-09-22","Yes","-","24.4%","30.5%","5.3%","3.7%","36.1%"
"2022-09-21","Yes","-","23.7%","31.8%","5.4%","3.6%","35.5%"
"2022-09-20","Yes","-","23.6%","31.7%","5.5%","3.5%","35.7%"
"2022-09-19","Yes","-","23.7%","31.9%","5.5%","3.5%","35.4%"
"2022-09-16","Yes","-","23.9%","32.0%","5.5%","3.5%","35.1%"
"2022-09-15","Yes","-","23.6%","32.3%","5.6%","3.5%","35.0%"
"2022-09-14","Yes","-","24.6%","31.8%","5.5%","3.5%","34.6%"
"2022-09-13","Yes","-","24.7%","31.7%","5.4%","3.5%","34.7%"
"2022-09-12","Yes","-","25.0%","30.9%","5.3%","3.8%","35.0%"
"2022-09-09","Yes","-","-","-","-","100.0%","-"
"2022-09-08","Yes","-","-","-","-","100.0%","-"
"2022-09-07","Yes","-","24.5%","30.1%","5.2%","3.9%","36.3%"
"2022-09-06","Yes","-","23.9%","31.2%","5.4%","4.0%","35.6%"
"2022-09-02","Yes","-","23.8%","30.9%","5.5%","4.0%","35.7%"
"2022-09-01","Yes","-","24.2%","30.7%","5.5%","4.0%","35.5%"
"2022-08-31","Yes","-","24.3%","30.5%","5.5%","4.0%","35.8%"
"2022-08-30","Yes","-","24.4%","30.6%","5.6%","3.8%","35.5%"
"2022-08-29","Yes","-","24.7%","30.4%","5.5%","3.8%","35.5%"
"2022-08-26","Yes","-","11.6%","14.3%","2.6%","55.0%","16.6%"
"2022-08-25","Yes","-","11.8%","14.2%","2.6%","55.0%","16.5%"
"2022-08-24","Yes","-","25.3%","29.6%","5.3%","4.0%","35.7%"
"2022-08-23","Yes","-","25.5%","29.7%","5.2%","4.0%","35.7%"
"2022-08-22","Yes","-","25.8%","29.9%","5.3%","4.0%","35.1%"
"2022-08-19","Yes","-","25.6%","30.3%","5.3%","3.9%","35.0%"
"2022-08-18","Yes","-","-","-","-","100.0%","-"
"2022-08-17","Yes","-","25.2%","29.7%","5.4%","4.0%","35.8%"
"2022-08-16","Yes","-","-","-","-","100.0%","-"
"2022-08-15","Yes","-","-","-","-","100.0%","-"
"2022-08-12","Yes","-","-","-","-","100.0%","-"
"2022-08-11","Yes","-","-","-","-","100.0%","-"
"2022-08-10","Yes","-","-","-","-","100.0%","-"
"2022-08-09","Yes","-","-","-","-","100.0%","-"
"2022-08-08","Yes","-","-","-","-","100.0%","-"
"2022-08-05","Yes","-","-","-","-","100.0%","-"
"2022-08-04","Yes","-","-","-","-","100.0%","-"
"2022-08-03","Yes","-","-","-","-","100.0%","-"
"2022-08-02","Yes","-","-","-","-","100.0%","-"
"2022-08-01","Yes","-","-","-","-","100.0%","-"
"2022-07-29","Yes","-","-","-","-","100.0%","-"
"2022-07-28","Yes","-","-","-","-","100.0%","-"
"2022-07-27","Yes","-","-","-","-","100.0%","-"
"2022-07-26","Yes","-","24.7%","29.7%","5.5%","3.5%","36.7%"
"2022-07-25","Yes","-","11.3%","14.1%","2.6%","55.0%","17.0%"
"2022-07-22","Yes","-","11.3%","14.1%","2.6%","55.0%","17.0%"
"2022-07-21","Yes","-","11.4%","14.4%","2.6%","55.0%","16.7%"
"2022-07-20","Yes","-","24.5%","31.3%","5.6%","3.3%","35.2%"
"2022-07-19","Yes","-","24.7%","31.2%","5.6%","3.3%","35.3%"
"2022-07-18","Yes","-","11.3%","14.6%","2.6%","55.0%","16.5%"
"2022-07-15","Yes","-","11.2%","14.6%","2.6%","55.0%","16.7%"
"2022-07-14","Yes","-","11.1%","14.5%","2.6%","55.0%","16.9%"
"2022-07-13","Yes","-","11.0%","14.4%","2.6%","55.0%","17.0%"
"2022-07-12","Yes","-","11.0%","14.3%","2.5%","55.0%","17.1%"
"2022-07-11","Yes","-","11.2%","14.3%","2.5%","55.0%","17.0%"
"2022-07-08","Yes","-","23.8%","30.8%","5.4%","3.0%","37.0%"
"2022-07-07","Yes","-","23.7%","31.0%","5.4%","3.0%","36.9%"
"2022-07-06","Yes","-","23.1%","31.3%","5.4%","3.1%","37.1%"
"2022-07-05","Yes","-","10.9%","14.5%","2.5%","55.0%","17.0%"
"2022-07-01","Yes","-","11.1%","14.1%","2.4%","55.0%","17.4%"
"2022-06-30","Yes","-","11.0%","14.4%","2.4%","55.0%","17.2%"
"2022-06-29","Yes","-","11.0%","14.4%","2.4%","55.0%","17.1%"
"2022-06-28","Yes","-","23.1%","31.5%","5.4%","2.8%","37.3%"
"2022-06-27","Yes","-","22.9%","31.6%","5.4%","2.8%","37.3%"
"2022-06-24","Yes","-","10.6%","14.6%","2.5%","55.0%","17.3%"
"2022-06-23","Yes","-","10.7%","14.6%","2.5%","55.0%","17.2%"
"2022-06-22","Yes","-","10.5%","14.7%","2.5%","55.0%","17.3%"
"2022-06-21","Yes","-","22.4%","32.6%","5.6%","2.8%","36.7%"
"2022-06-17","Yes","-","10.4%","15.0%","2.6%","55.0%","17.1%"
"2022-06-16","Yes","-","10.3%","14.8%","2.6%","55.0%","17.3%"
"2022-06-15","Yes","-","10.2%","14.6%","2.5%","55.0%","17.6%"
"2022-06-14","Yes","-","21.8%","32.3%","5.4%","2.7%","37.9%"
"2022-06-13","Yes","-","21.7%","32.5%","5.4%","2.7%","37.8%"
"2022-06-10","Yes","-","22.2%","33.3%","5.4%","2.6%","36.5%"
"2022-06-09","Yes","-","22.4%","33.4%","5.2%","2.6%","36.4%"
"2022-06-08","Yes","-","22.6%","32.4%","5.1%","2.7%","37.2%"
"2022-06-07","Yes","-","22.5%","32.5%","5.2%","2.6%","37.2%"
"2022-06-06","Yes","-","22.6%","32.4%","5.2%","2.6%","37.1%"
"2022-06-03","Yes","-","22.5%","32.7%","5.3%","2.6%","36.9%"
"2022-06-02","Yes","-","22.7%","32.7%","5.2%","2.7%","36.7%"
"2022-06-01","Yes","-","23.1%","32.0%","5.2%","2.7%","37.0%"
"2022-05-31","Yes","-","22.2%","32.2%","5.1%","2.7%","37.8%"
"2022-05-27","Yes","-","10.3%","14.8%","2.4%","55.0%","17.4%"
"2022-05-26","Yes","-","10.3%","14.8%","2.4%","55.0%","17.5%"
"2022-05-25","Yes","-","10.0%","14.7%","2.3%","55.0%","17.9%"
"2022-05-24","Yes","-","10.0%","14.7%","2.3%","55.0%","18.0%"
"2022-05-23","Yes","-","21.8%","31.2%","5.0%","2.8%","39.1%"
"2022-05-20","Yes","-","9.8%","14.2%","2.3%","55.0%","18.7%"
"2022-05-19","Yes","-","9.8%","14.3%","2.3%","55.0%","18.6%"
"2022-05-18","Yes","-","21.3%","30.5%","4.8%","2.6%","40.8%"
"2022-05-17","Yes","-","20.3%","31.2%","5.0%","2.6%","40.9%"
"2022-05-16","Yes","-","19.7%","30.0%","4.9%","2.6%","42.8%"
"2022-05-13","Yes","-","19.8%","30.1%","4.8%","2.6%","42.7%"
"2022-05-12","Yes","-","9.1%","13.9%","2.2%","55.0%","19.7%"
"2022-05-11","Yes","-","8.8%","14.4%","2.3%","55.0%","19.6%"
"2022-05-10","Yes","-","8.1%","14.8%","2.4%","55.0%","19.7%"
"2022-05-09","Yes","-","8.0%","15.1%","2.5%","55.0%","19.4%"
"2022-05-06","Yes","-","17.5%","32.5%","5.3%","2.8%","41.8%"
"2022-05-05","Yes","-","17.5%","32.4%","5.3%","2.8%","41.9%"
"2022-05-04","Yes","-","8.1%","14.6%","2.4%","55.0%","20.0%"
"2022-05-03","Yes","-","17.0%","30.6%","5.1%","3.1%","44.3%"
"2022-05-02","Yes","-","17.0%","29.7%","5.0%","3.1%","45.2%"
"2022-04-29","Yes","-","17.6%","29.9%","5.0%","3.1%","44.4%"
"2022-04-28","Yes","-","17.6%","30.0%","5.1%","3.2%","44.2%"
"2022-04-27","Yes","-","17.5%","29.8%","5.0%","3.2%","44.5%"
"2022-04-26","Yes","-","8.1%","13.8%","2.3%","55.0%","20.8%"
"2022-04-25","Yes","-","8.0%","13.8%","2.3%","55.0%","20.9%"
"2022-04-22","Yes","-","17.4%","29.6%","4.9%","3.2%","44.9%"
"2022-04-21","Yes","-","8.1%","13.7%","2.3%","55.0%","21.0%"
"2022-04-20","Yes","-","8.1%","13.8%","2.3%","55.0%","20.8%"
"2022-04-19","Yes","-","16.9%","29.5%","4.9%","3.2%","45.5%"
"2022-04-18","Yes","-","17.1%","28.9%","4.9%","3.2%","45.9%"
"2022-04-14","Yes","-","17.1%","28.6%","4.8%","3.1%","46.4%"
"2022-04-13","Yes","-","7.9%","13.4%","2.3%","55.0%","21.5%"
"2022-04-12","Yes","-","16.8%","28.5%","4.9%","3.1%","46.7%"
"2022-04-11","Yes","-","16.8%","28.7%","4.8%","3.1%","46.6%"
"2022-04-08","Yes","-","16.8%","28.6%","4.8%","3.1%","46.7%"
"2022-04-07","Yes","-","17.0%","28.9%","4.9%","3.0%","46.1%"
"2022-04-06","Yes","-","17.2%","29.1%","4.9%","3.1%","45.8%"
"2022-04-05","Yes","-","17.2%","29.2%","5.0%","3.1%","45.5%"