"Date","Day Traded","XME","SPHB","IEF","PGR","TECS","SOXL","TMF","QQQ","NVO","SVXY","$USD","UUP","DBC","GE","SPXL","SPY","SPXU","TECL","XHB","BTAL","TQQQ","VTI","LLY","EDZ","XLE","VWO","EDC","IWM","SOXS","SLV","VIXY","QID","GLD","TLT","XLK","TMV","BIL","SQQQ","COST","XLP","FNGD","PSQ"
"Asset Type","","Equity","Equity","Equity","Equity","Equity","Equity","Equity","Equity","Equity","Equity","Cash","Equity","Equity","Equity","Equity","Equity","Equity","Equity","Equity","Equity","Equity","Equity","Equity","Equity","Equity","Equity","Equity","Equity","Equity","Equity","Equity","Equity","Equity","Equity","Equity","Equity","Equity","Equity","Equity","Equity","Equity","Equity"
"2025-08-29","Yes","-","-","-","4.5%","1.2%","8.3%","-","-","2.6%","13.3%","-","-","-","-","-","-","0.4%","10.8%","-","-","30.8%","-","2.3%","-","-","-","13.3%","-","0.4%","-","-","-","-","-","-","2.5%","5.0%","-","4.0%","-","0.4%","-"
"2025-08-28","Yes","-","-","-","4.3%","-","-","-","-","2.6%","13.3%","0.2%","-","-","-","10.0%","-","-","17.5%","-","-","32.5%","-","2.3%","-","-","-","13.2%","-","-","-","-","-","-","-","-","-","-","-","4.1%","-","-","-"
"2025-08-27","Yes","-","-","-","4.3%","1.2%","8.3%","-","-","2.7%","13.3%","0.2%","-","-","-","-","-","0.4%","10.8%","-","-","30.8%","-","2.2%","-","-","-","13.1%","-","0.4%","-","-","-","-","-","-","2.5%","5.0%","-","4.2%","-","0.4%","-"
"2025-08-26","Yes","-","-","-","3.7%","1.3%","8.3%","-","-","2.8%","13.3%","0.2%","-","-","-","-","-","0.4%","10.8%","-","-","30.8%","-","2.3%","-","-","-","13.1%","-","0.4%","-","-","-","-","-","-","2.5%","5.0%","0.4%","4.6%","-","-","-"
"2025-08-25","Yes","-","-","-","3.5%","1.9%","-","-","-","2.9%","13.3%","-","-","-","-","7.5%","-","0.6%","7.5%","-","-","30.0%","-","2.8%","13.3%","-","-","-","-","0.6%","-","-","-","-","-","-","3.7%","7.5%","0.6%","4.2%","-","-","-"
"2025-08-22","Yes","-","-","-","3.6%","1.2%","-","-","12.0%","2.4%","13.3%","-","-","-","-","6.3%","-","0.4%","8.8%","-","-","22.8%","-","3.3%","13.3%","-","-","-","-","0.4%","-","-","-","-","-","-","2.5%","5.0%","-","4.0%","-","0.4%","-"
"2025-08-21","Yes","-","-","-","3.9%","1.9%","5.5%","-","12.0%","2.3%","13.3%","-","-","-","-","-","-","0.6%","5.5%","-","-","22.0%","-","2.8%","13.3%","-","-","-","-","0.6%","-","-","-","-","-","-","3.8%","7.5%","0.6%","4.4%","-","-","-"
"2025-08-20","Yes","-","-","-","4.1%","1.9%","5.5%","-","12.0%","1.7%","13.3%","0.1%","-","-","-","-","-","0.6%","5.5%","-","-","22.0%","-","1.0%","-","-","-","13.2%","-","0.6%","-","-","-","-","-","-","3.7%","7.5%","-","6.5%","-","0.6%","-"
"2025-08-19","Yes","-","-","-","4.5%","1.9%","5.5%","-","12.0%","1.8%","13.3%","-","-","-","-","-","-","0.6%","5.5%","-","-","22.0%","-","1.2%","13.3%","-","-","-","-","-","-","-","-","-","-","-","3.8%","7.5%","0.6%","5.9%","-","0.6%","-"
"2025-08-18","Yes","-","-","-","4.9%","1.2%","8.3%","-","-","1.7%","13.3%","-","-","-","-","-","-","0.4%","10.8%","-","-","30.8%","-","1.2%","13.3%","-","-","-","-","-","-","-","-","-","-","-","2.5%","5.0%","0.4%","5.5%","-","0.4%","-"
"2025-08-15","Yes","-","-","-","4.9%","0.6%","9.2%","-","-","1.7%","13.3%","-","-","-","-","9.2%","-","0.2%","14.2%","-","-","22.5%","-","1.2%","13.3%","-","-","-","-","-","-","-","-","-","-","-","1.2%","2.5%","0.2%","5.5%","-","0.2%","-"
"2025-08-14","Yes","-","-","-","5.3%","-","10.0%","-","-","1.7%","13.3%","-","-","-","-","10.0%","-","-","17.5%","-","-","22.5%","-","1.2%","13.3%","-","-","-","-","-","-","-","-","-","-","-","-","-","-","5.1%","-","-","-"
"2025-08-13","Yes","-","-","-","5.4%","-","10.0%","-","-","1.5%","13.3%","0.1%","-","-","-","10.0%","-","-","17.5%","-","-","22.5%","-","1.2%","-","-","-","13.3%","-","-","-","-","-","-","-","-","-","-","-","5.2%","-","-","-"
"2025-08-12","Yes","-","-","-","6.4%","-","10.0%","-","-","1.1%","13.3%","-","-","-","-","10.0%","-","-","17.5%","-","-","22.5%","-","1.1%","13.3%","-","-","-","-","-","-","-","-","-","-","-","-","-","-","4.7%","-","-","-"
"2025-08-11","Yes","-","-","-","6.9%","-","10.0%","-","-","0.6%","13.3%","0.2%","-","-","-","10.0%","-","-","7.5%","-","-","32.5%","-","1.1%","-","-","-","13.2%","-","-","-","-","-","-","-","-","-","-","-","4.7%","-","-","-"
"2025-08-08","Yes","-","-","-","4.9%","-","10.0%","-","-","0.9%","13.3%","0.2%","-","-","-","10.0%","-","-","7.5%","-","-","32.5%","-","1.5%","-","-","-","13.2%","-","-","-","-","-","-","-","-","-","-","-","6.1%","-","-","-"
"2025-08-07","Yes","-","-","-","4.8%","-","8.0%","12.0%","-","0.9%","13.3%","0.2%","-","-","-","8.0%","-","-","15.5%","-","-","16.5%","-","1.5%","-","-","-","13.1%","-","-","-","-","-","-","-","-","-","-","-","6.2%","-","-","-"
"2025-08-06","Yes","-","-","-","4.4%","-","10.0%","-","-","0.9%","13.3%","0.2%","-","-","-","10.0%","-","-","7.5%","-","-","32.5%","-","2.7%","-","-","-","13.2%","-","-","-","-","-","-","-","-","-","-","-","5.3%","-","-","-"
"2025-08-05","Yes","-","-","-","4.2%","-","8.0%","-","-","0.7%","13.3%","0.1%","-","-","-","8.0%","-","-","7.5%","-","-","24.5%","-","2.1%","-","-","-","13.3%","-","-","-","-","-","-","-","-","-","-","-","6.2%","12.0%","-","-"
"2025-08-04","Yes","-","-","-","4.0%","-","8.0%","-","-","0.7%","13.3%","-","-","-","-","8.0%","-","-","7.5%","-","-","24.5%","-","2.0%","-","-","-","13.3%","-","-","-","-","-","-","-","-","-","-","-","6.6%","12.0%","-","-"
"2025-08-01","Yes","-","-","-","4.0%","-","8.0%","-","-","0.7%","-","0.1%","-","-","-","8.0%","-","-","7.5%","-","13.3%","24.5%","-","2.0%","-","-","-","13.3%","-","-","-","-","-","-","-","-","-","-","-","6.6%","12.0%","-","-"
"2025-07-31","Yes","-","-","-","3.5%","-","10.0%","-","-","0.6%","13.3%","-","-","-","-","10.0%","-","-","7.5%","-","-","32.5%","-","1.8%","13.3%","-","-","-","-","-","-","-","-","-","-","-","-","-","-","7.4%","-","-","-"
"2025-07-30","Yes","-","-","-","2.6%","-","10.0%","-","-","0.4%","13.3%","-","-","-","-","10.0%","-","-","7.5%","-","-","32.5%","-","1.3%","13.3%","-","-","-","-","-","-","-","-","-","-","-","-","-","-","9.0%","-","-","-"
"2025-07-29","Yes","-","-","-","3.1%","-","10.0%","-","-","0.6%","13.3%","0.2%","-","-","-","10.0%","-","-","7.5%","-","-","32.5%","-","1.7%","-","-","-","13.1%","-","-","-","-","-","-","-","-","-","-","-","7.9%","-","-","-"
"2025-07-28","Yes","-","-","-","-","-","-","-","-","-","-","-","-","-","-","-","-","-","-","-","12.5%","-","-","-","-","-","-","-","-","-","-","75.0%","-","-","12.5%","-","-","-","-","-","-","-","-"
"2025-07-25","Yes","-","-","-","-","-","-","-","-","-","-","-","-","-","-","-","-","-","-","-","12.5%","-","-","-","-","-","-","-","-","-","-","75.0%","-","-","12.5%","-","-","-","-","-","-","-","-"
"2025-07-24","Yes","-","-","-","-","-","-","-","-","-","-","-","-","-","-","-","-","-","-","-","12.5%","-","-","-","-","-","-","-","-","-","-","75.0%","-","-","12.5%","-","-","-","-","-","-","-","-"
"2025-07-23","Yes","-","-","-","3.9%","1.7%","8.3%","-","-","1.8%","13.3%","-","-","-","-","8.3%","-","0.4%","2.5%","-","-","30.8%","-","2.1%","13.3%","-","-","-","-","-","-","-","-","-","-","-","2.5%","5.0%","0.4%","5.6%","-","-","-"
"2025-07-22","Yes","-","-","-","3.7%","0.8%","-","-","12.0%","2.2%","13.3%","0.2%","-","-","-","7.2%","-","-","12.2%","-","-","23.7%","-","2.1%","-","-","-","13.1%","-","0.2%","-","-","-","-","-","-","1.2%","2.5%","0.2%","5.3%","-","-","-"
"2025-07-21","Yes","-","-","-","3.6%","-","-","-","-","2.5%","13.3%","0.3%","-","-","-","10.0%","-","-","17.5%","-","-","32.5%","-","2.1%","-","-","-","13.0%","-","-","-","-","-","-","-","-","-","-","-","5.1%","-","-","-"
"2025-07-18","Yes","-","-","-","3.1%","-","-","-","-","2.8%","13.3%","-","-","-","-","10.0%","-","-","17.5%","-","-","32.5%","-","2.3%","13.3%","-","-","-","-","-","-","-","-","-","-","-","-","-","-","5.1%","-","-","-"
"2025-07-17","Yes","-","-","-","2.9%","-","-","-","-","3.0%","13.3%","-","-","-","-","10.0%","-","-","17.5%","-","-","32.5%","-","2.4%","13.3%","-","-","-","-","-","-","-","-","-","-","-","-","-","-","5.1%","-","-","-"
"2025-07-16","Yes","-","-","-","2.6%","-","-","-","-","3.1%","13.3%","-","-","-","-","10.0%","-","-","17.5%","-","-","32.5%","-","2.8%","13.3%","-","-","-","-","-","-","-","-","-","-","-","-","-","-","4.8%","-","-","-"
"2025-07-15","Yes","-","-","-","2.7%","-","-","-","-","2.6%","13.3%","-","-","-","-","8.0%","-","-","15.5%","-","-","24.5%","-","2.9%","13.3%","-","-","-","-","-","-","-","-","-","-","-","-","-","-","5.1%","-","-","12.0%"
"2025-07-14","Yes","-","-","-","1.9%","-","-","-","-","2.3%","13.3%","-","-","-","-","10.0%","-","-","17.5%","-","-","32.5%","-","4.8%","13.3%","-","-","-","-","-","-","-","-","-","-","-","-","-","-","4.3%","-","-","-"
"2025-07-11","Yes","-","-","-","2.1%","0.8%","-","-","-","2.4%","13.3%","-","-","-","-","9.2%","-","-","14.2%","-","-","31.7%","-","3.1%","13.3%","-","-","-","-","0.2%","-","-","-","-","-","-","1.3%","2.5%","-","5.7%","-","0.2%","-"
"2025-07-10","Yes","-","-","-","1.9%","-","-","-","-","3.7%","13.3%","-","-","-","-","10.0%","-","-","17.5%","-","-","32.5%","-","2.7%","13.3%","-","-","-","-","-","-","-","-","-","-","-","-","-","-","5.0%","-","-","-"
"2025-07-09","Yes","-","-","-","2.3%","-","-","-","-","2.1%","13.3%","-","-","-","-","10.0%","-","-","17.5%","-","-","32.5%","-","3.1%","13.3%","-","-","-","-","-","-","-","-","-","-","-","-","-","-","5.8%","-","-","-"
"2025-07-08","Yes","-","-","-","2.3%","-","-","-","-","2.1%","-","-","-","-","-","10.0%","-","-","17.5%","-","-","32.5%","13.3%","3.2%","13.3%","-","-","-","-","-","-","-","-","-","-","-","-","-","-","5.8%","-","-","-"
"2025-07-07","Yes","-","-","-","2.7%","-","-","-","-","1.9%","-","-","-","-","-","10.0%","-","-","17.5%","-","-","32.5%","13.3%","4.0%","13.3%","-","-","-","-","-","-","-","-","-","-","-","-","-","-","4.7%","-","-","-"
"2025-07-03","Yes","-","-","-","-","-","-","-","-","-","-","-","-","-","-","-","-","-","-","-","12.5%","-","-","-","-","-","-","-","-","-","-","75.0%","-","-","12.5%","-","-","-","-","-","-","-","-"
"2025-07-02","Yes","-","-","-","3.2%","-","-","-","-","5.3%","-","-","-","-","4.4%","6.5%","-","-","14.0%","-","-","18.5%","13.3%","8.7%","13.3%","-","-","-","-","-","-","-","-","-","-","-","-","-","-","12.7%","-","-","-"
"2025-07-01","Yes","-","-","-","3.7%","-","-","-","-","1.9%","13.3%","-","-","-","-","10.0%","-","-","17.5%","-","-","32.5%","-","3.1%","13.3%","-","-","-","-","-","-","-","-","-","-","-","-","-","-","4.7%","-","-","-"
"2025-06-30","Yes","-","-","-","3.7%","-","-","-","-","1.9%","13.3%","-","-","-","-","10.0%","-","-","17.5%","-","-","32.5%","-","3.0%","-","-","-","13.3%","-","-","-","-","-","-","-","-","-","-","-","4.7%","-","-","-"
"2025-06-27","Yes","-","-","-","3.9%","-","-","-","-","2.0%","13.3%","0.3%","-","-","-","10.0%","-","-","17.5%","-","-","32.5%","-","3.0%","-","-","-","13.1%","-","-","-","-","-","-","-","-","-","-","-","4.5%","-","-","-"
"2025-06-26","Yes","-","-","-","3.6%","-","-","-","-","1.8%","13.3%","0.1%","-","-","-","10.0%","-","-","17.5%","-","-","32.5%","-","3.3%","-","-","-","13.3%","-","-","-","-","-","-","-","-","-","-","-","4.5%","-","-","-"
"2025-06-25","Yes","-","-","-","3.7%","-","-","-","-","1.9%","13.3%","0.1%","-","-","-","10.0%","-","-","17.5%","-","-","32.5%","-","3.4%","-","-","-","13.3%","-","-","-","-","-","-","-","-","-","-","-","4.4%","-","-","-"
"2025-06-24","Yes","-","-","-","4.0%","-","-","-","-","1.7%","13.3%","-","-","-","-","10.0%","-","-","17.5%","-","-","32.5%","-","2.7%","-","-","-","13.3%","-","-","-","-","-","-","-","-","-","-","-","5.0%","-","-","-"
"2025-06-23","Yes","-","-","-","3.5%","-","-","-","12.0%","1.8%","-","0.3%","-","-","-","8.0%","-","-","15.5%","-","13.3%","24.5%","-","2.8%","-","-","-","13.0%","-","-","-","-","-","-","-","-","-","-","-","5.2%","-","-","-"
"2025-06-20","Yes","-","-","-","3.1%","-","-","-","-","1.6%","-","0.3%","-","-","-","10.0%","-","-","17.5%","-","13.3%","32.5%","-","2.2%","-","-","-","13.0%","-","-","-","-","-","-","-","-","-","-","-","6.4%","-","-","-"
"2025-06-18","Yes","-","-","-","4.0%","-","-","-","-","1.9%","-","0.2%","-","-","-","10.0%","-","-","17.5%","-","13.3%","32.5%","-","3.1%","-","-","-","13.1%","-","-","-","-","-","-","-","-","-","-","-","4.3%","-","-","-"
"2025-06-17","Yes","-","-","-","4.1%","-","-","-","-","1.9%","-","0.2%","-","-","-","10.0%","-","-","17.5%","-","13.3%","32.5%","-","3.1%","-","-","-","13.1%","-","-","-","-","-","-","-","-","-","-","-","4.3%","-","-","-"
"2025-06-16","Yes","-","-","-","3.9%","-","-","-","-","5.2%","-","-","-","-","5.0%","6.5%","-","-","14.0%","-","-","18.5%","13.3%","9.3%","13.3%","-","-","-","-","-","-","-","-","-","-","-","-","-","-","10.9%","-","-","-"
"2025-06-13","Yes","-","-","-","3.5%","-","-","-","12.0%","6.0%","-","0.1%","-","-","4.8%","4.5%","-","-","12.0%","-","13.3%","10.5%","-","10.7%","-","-","-","13.2%","-","-","-","-","-","-","-","-","-","-","-","9.3%","-","-","-"
"2025-06-12","Yes","-","-","-","3.2%","-","-","-","12.0%","2.7%","-","-","-","-","-","8.0%","-","-","15.5%","-","-","24.5%","13.3%","4.3%","13.3%","-","-","-","-","-","-","-","-","-","-","-","-","-","-","3.2%","-","-","-"
"2025-06-11","Yes","-","-","-","3.4%","-","-","-","12.0%","2.7%","-","-","-","-","-","8.0%","-","-","15.5%","-","-","24.5%","13.3%","4.2%","13.3%","-","-","-","-","-","-","-","-","-","-","-","-","-","-","3.1%","-","-","-"
"2025-06-10","Yes","-","-","-","-","-","-","-","-","-","-","-","-","-","-","-","-","-","-","-","25.0%","-","-","-","-","-","-","-","-","-","-","50.0%","-","-","25.0%","-","-","-","-","-","-","-","-"
"2025-06-09","Yes","-","-","-","3.2%","-","-","-","-","5.4%","13.3%","-","-","-","5.5%","6.5%","-","-","14.0%","-","-","18.5%","-","13.4%","13.3%","-","-","-","-","-","-","-","-","-","-","-","-","-","-","6.8%","-","-","-"
"2025-06-06","Yes","-","-","-","3.8%","-","-","-","12.0%","2.0%","13.3%","-","-","-","-","8.0%","-","-","15.5%","-","-","24.5%","-","4.9%","13.3%","-","-","-","-","-","-","-","-","-","-","-","-","-","-","2.6%","-","-","-"
"2025-06-05","Yes","-","-","-","3.9%","-","-","-","12.0%","2.2%","13.3%","-","-","-","-","8.0%","-","-","15.5%","-","-","24.5%","-","4.4%","13.3%","-","-","-","-","-","-","-","-","-","-","-","-","-","-","2.8%","-","-","-"
"2025-06-04","Yes","-","-","-","3.8%","-","-","-","12.0%","5.8%","13.3%","0.1%","-","-","6.1%","4.5%","-","-","12.0%","-","-","10.5%","-","8.4%","-","-","-","13.2%","-","-","-","-","-","-","-","-","-","-","-","10.2%","-","-","-"
"2025-06-03","Yes","-","-","-","3.9%","-","-","-","12.0%","5.7%","13.3%","-","-","-","5.9%","4.5%","-","-","12.0%","-","-","10.5%","-","8.7%","13.3%","-","-","-","-","-","-","-","-","-","-","-","-","-","-","10.1%","-","-","-"
"2025-06-02","Yes","-","-","-","3.9%","2.5%","-","-","12.0%","5.9%","13.3%","0.1%","-","-","5.8%","2.0%","-","-","2.0%","-","-","8.0%","-","8.7%","-","-","-","13.2%","-","0.6%","-","-","-","-","-","-","3.7%","7.5%","-","10.0%","-","0.6%","-"
"2025-05-30","Yes","-","-","-","4.0%","0.8%","-","-","12.0%","5.6%","13.3%","0.2%","-","-","6.2%","3.7%","-","-","8.7%","-","-","9.7%","-","7.7%","-","-","-","13.2%","-","0.2%","-","-","-","-","-","-","1.2%","2.5%","-","10.9%","-","0.2%","-"
"2025-05-29","Yes","-","-","-","4.4%","-","-","-","12.0%","5.2%","13.3%","-","-","-","5.4%","4.5%","-","-","12.0%","-","-","10.5%","-","6.9%","13.3%","-","-","-","-","-","-","-","-","-","-","-","-","-","-","12.4%","-","-","-"
"2025-05-28","Yes","-","-","-","4.4%","-","-","-","12.0%","5.3%","13.3%","-","-","-","5.7%","4.5%","-","-","12.0%","-","-","10.5%","-","6.0%","13.3%","-","-","-","-","-","-","-","-","-","-","-","-","-","-","12.9%","-","-","-"
"2025-05-27","Yes","-","-","-","4.5%","-","-","-","12.0%","5.3%","13.3%","-","-","-","6.1%","4.5%","-","-","12.0%","-","-","10.5%","-","6.3%","13.3%","-","-","-","-","-","-","-","-","-","-","-","-","-","-","12.1%","-","-","-"
"2025-05-23","Yes","-","-","-","4.3%","2.5%","-","-","-","2.2%","-","-","-","-","-","2.0%","-","-","2.0%","-","-","8.0%","13.3%","2.2%","13.3%","-","-","-","-","0.6%","-","-","-","-","-","-","3.7%","7.5%","-","4.6%","-","0.6%","33.0%"
"2025-05-22","Yes","-","-","-","4.3%","0.8%","-","-","-","2.2%","13.3%","-","-","-","-","3.7%","-","-","8.7%","-","-","9.7%","-","2.1%","13.3%","-","-","-","-","0.2%","-","-","-","-","-","-","1.2%","2.5%","-","4.7%","-","0.2%","33.0%"
"2025-05-21","Yes","-","-","-","4.5%","-","-","-","-","1.9%","13.3%","-","-","-","-","2.5%","-","-","10.0%","-","-","2.5%","-","2.0%","13.3%","-","-","-","-","-","-","-","-","-","-","-","-","-","-","4.9%","-","-","45.0%"
"2025-05-20","Yes","-","-","-","4.5%","-","-","-","12.0%","1.8%","13.3%","-","-","-","-","8.0%","-","-","15.5%","-","-","24.5%","-","2.0%","13.3%","-","-","-","-","-","-","-","-","-","-","-","-","-","-","5.0%","-","-","-"
"2025-05-19","Yes","-","-","-","-","-","-","-","-","-","-","-","-","-","-","-","-","-","-","-","25.0%","-","-","-","-","-","-","-","-","-","-","50.0%","-","-","25.0%","-","-","-","-","-","-","-","-"
"2025-05-16","Yes","-","-","-","-","-","-","-","-","-","-","-","-","-","-","-","-","-","-","-","25.0%","-","-","-","-","-","-","-","-","-","-","50.0%","-","-","25.0%","-","-","-","-","-","-","-","-"
"2025-05-15","Yes","-","-","-","4.7%","-","-","-","12.0%","1.6%","13.3%","-","-","-","-","8.0%","-","-","15.5%","-","-","24.5%","-","1.7%","13.3%","-","-","-","-","-","-","-","-","-","-","-","-","-","-","5.3%","-","-","-"
"2025-05-14","Yes","-","-","-","4.3%","-","-","-","-","1.6%","13.3%","-","-","-","-","2.5%","-","-","10.0%","-","-","2.5%","-","1.2%","13.3%","-","-","-","-","-","-","-","-","-","-","-","-","-","-","6.3%","-","-","45.0%"
"2025-05-13","Yes","-","-","-","4.1%","-","-","-","-","1.6%","13.3%","-","-","-","-","2.5%","-","-","10.0%","-","-","2.5%","-","1.1%","13.3%","-","-","-","-","-","-","-","-","-","-","-","-","-","-","6.5%","-","-","45.0%"
"2025-05-12","Yes","-","-","-","3.2%","-","-","-","-","1.4%","13.3%","-","-","-","-","2.5%","-","-","10.0%","-","-","2.5%","-","1.0%","13.3%","-","-","-","-","-","-","-","-","-","-","-","-","-","-","7.8%","-","-","45.0%"
"2025-05-09","Yes","-","-","-","3.3%","-","-","-","-","1.4%","13.3%","-","-","-","-","4.5%","-","-","12.0%","-","-","31.5%","-","1.0%","13.3%","-","-","-","-","-","-","-","-","-","-","-","-","-","-","7.6%","-","-","12.0%"
"2025-05-08","Yes","-","-","-","3.3%","-","4.5%","-","-","1.4%","-","-","-","-","-","4.5%","-","-","7.5%","-","-","31.5%","13.3%","0.9%","13.3%","-","-","-","-","-","-","-","-","-","-","-","-","-","-","7.7%","-","-","12.0%"
"2025-05-07","Yes","-","-","-","3.4%","-","-","-","12.0%","1.5%","-","0.1%","-","-","-","4.5%","-","-","12.0%","-","-","31.5%","13.3%","0.9%","-","-","-","13.3%","-","-","-","-","-","-","-","-","-","-","-","7.5%","-","-","-"
"2025-05-06","Yes","-","-","6.0%","3.4%","-","2.5%","-","12.0%","1.5%","-","0.2%","-","-","-","2.5%","-","-","7.5%","-","13.3%","23.5%","-","0.9%","-","-","-","13.2%","-","-","-","-","-","6.0%","-","-","-","-","-","7.5%","-","-","-"
"2025-05-05","Yes","-","-","-","3.4%","-","4.5%","-","-","2.3%","-","0.1%","-","-","-","4.5%","-","-","7.5%","-","-","31.5%","13.3%","1.1%","13.3%","-","-","-","-","-","-","-","-","-","-","-","-","-","-","6.5%","-","-","12.0%"
"2025-05-02","Yes","-","-","-","3.8%","-","4.5%","-","12.0%","3.4%","-","-","-","-","-","4.5%","-","-","7.5%","-","-","31.5%","13.3%","1.6%","13.3%","-","-","-","-","-","-","-","-","-","-","-","-","-","-","4.6%","-","-","-"
"2025-05-01","Yes","-","-","-","4.0%","-","4.5%","-","12.0%","2.7%","-","-","-","-","-","4.5%","-","-","12.0%","-","13.3%","27.0%","-","1.4%","13.3%","-","-","-","-","-","-","-","-","-","-","-","-","-","-","5.2%","-","-","-"
"2025-04-30","Yes","-","-","-","4.0%","-","4.5%","-","12.0%","2.6%","-","0.2%","-","-","-","4.5%","-","-","12.0%","-","13.3%","27.0%","-","1.8%","-","-","-","13.1%","-","-","-","-","-","-","-","-","-","-","-","4.9%","-","-","-"
"2025-04-29","Yes","-","-","-","4.1%","-","4.5%","-","-","2.6%","-","0.2%","-","-","-","4.5%","-","-","12.0%","-","13.3%","27.0%","-","1.8%","-","-","-","13.2%","-","-","-","-","-","-","-","-","-","-","-","4.9%","12.0%","-","-"
"2025-04-28","Yes","-","-","-","4.3%","-","4.5%","-","12.0%","2.6%","-","0.1%","-","-","-","4.5%","-","-","12.0%","-","13.3%","27.0%","-","1.7%","-","-","-","13.2%","-","-","-","-","-","-","-","-","-","-","-","4.7%","-","-","-"
"2025-04-25","Yes","-","-","-","4.5%","-","4.5%","-","12.0%","2.3%","-","0.2%","-","-","-","4.5%","-","-","12.0%","-","13.3%","27.0%","-","1.8%","-","-","-","13.1%","-","-","-","-","-","-","-","-","-","-","-","4.7%","-","-","-"
"2025-04-24","Yes","-","-","-","4.6%","-","4.5%","-","12.0%","2.1%","-","0.2%","-","-","-","-","-","-","12.0%","-","13.3%","31.5%","-","1.7%","-","-","-","13.2%","-","-","-","-","-","-","-","-","-","-","-","4.9%","-","-","-"
"2025-04-23","Yes","-","-","6.0%","4.7%","-","2.5%","-","-","2.4%","-","-","-","-","-","-","-","-","10.0%","-","13.3%","2.5%","-","2.1%","13.3%","-","-","-","-","-","-","-","-","6.0%","-","-","-","-","-","4.1%","-","-","33.0%"
"2025-04-22","Yes","-","21.0%","6.0%","4.6%","-","2.5%","-","-","2.4%","-","0.1%","-","-","-","-","-","-","10.0%","-","13.3%","2.5%","-","2.1%","13.3%","-","-","-","-","-","-","-","-","6.0%","-","-","-","-","-","4.2%","-","-","12.0%"
"2025-04-21","Yes","-","21.0%","-","4.8%","-","2.5%","-","-","2.4%","-","0.1%","-","-","-","-","-","-","10.0%","-","37.3%","2.5%","-","2.0%","-","-","-","13.3%","-","-","-","-","-","-","-","-","-","-","-","4.1%","-","-","-"
"2025-04-17","Yes","-","21.0%","-","3.5%","-","4.5%","-","-","2.8%","-","0.1%","-","-","-","-","-","-","12.0%","-","13.3%","10.5%","-","2.4%","-","-","-","13.2%","-","-","-","-","-","-","-","-","-","-","-","4.7%","-","-","12.0%"
"2025-04-16","Yes","-","-","-","-","-","-","-","-","-","-","-","-","-","-","-","-","-","-","-","50.0%","-","-","-","-","-","-","-","-","-","-","-","-","-","-","-","-","50.0%","-","-","-","-","-"
"2025-04-15","Yes","-","-","-","-","-","-","-","-","-","-","-","-","-","-","-","-","-","-","-","50.0%","-","-","-","-","-","-","-","-","-","-","-","-","-","-","-","-","50.0%","-","-","-","-","-"
"2025-04-14","Yes","-","-","-","-","-","-","-","-","-","-","-","-","-","-","-","-","-","-","-","50.0%","-","-","-","-","-","-","-","-","-","-","-","-","-","-","-","-","50.0%","-","-","-","-","-"
"2025-04-11","Yes","-","-","-","-","-","-","-","-","-","-","-","-","-","-","-","-","-","-","-","50.0%","-","-","-","-","-","-","-","-","-","-","-","-","-","-","-","-","50.0%","-","-","-","-","-"
"2025-04-10","Yes","-","-","-","-","-","-","-","-","-","-","-","-","-","-","-","-","-","-","-","50.0%","-","-","-","-","-","-","-","-","-","-","-","-","-","-","-","-","50.0%","-","-","-","-","-"
"2025-04-09","Yes","-","-","-","-","-","-","-","-","-","-","-","-","-","-","-","-","-","-","-","50.0%","-","-","-","-","-","-","-","-","-","-","-","-","-","-","-","-","50.0%","-","-","-","-","-"
"2025-04-08","Yes","-","-","-","-","-","-","-","37.5%","-","-","-","-","-","-","-","-","-","12.5%","-","-","12.5%","-","-","-","-","-","-","-","-","-","-","-","-","-","37.5%","-","-","-","-","-","-","-"
"2025-04-07","Yes","-","-","-","-","-","-","-","37.5%","-","-","-","-","-","-","-","-","-","12.5%","-","-","12.5%","-","-","-","-","-","-","-","-","-","-","-","-","-","37.5%","-","-","-","-","-","-","-"
"2025-04-04","Yes","-","-","-","-","-","-","-","37.5%","-","-","-","-","-","-","-","-","-","12.5%","-","-","12.5%","-","-","-","-","-","-","-","-","-","-","-","-","-","37.5%","-","-","-","-","-","-","-"
"2025-04-03","Yes","-","-","-","-","-","-","-","37.5%","-","-","-","-","-","-","-","-","-","12.5%","-","-","12.5%","-","-","-","-","-","-","-","-","-","-","-","-","-","37.5%","-","-","-","-","-","-","-"
"2025-04-02","Yes","-","-","-","4.6%","-","4.5%","-","-","2.7%","-","-","-","-","-","-","-","-","12.0%","-","13.3%","10.5%","-","2.1%","-","-","-","13.3%","-","-","-","-","-","-","-","-","-","-","-","3.9%","12.0%","-","21.0%"
"2025-04-01","Yes","-","-","-","3.1%","-","2.5%","-","-","3.3%","-","0.1%","-","-","-","-","-","-","10.0%","-","37.3%","2.5%","-","2.4%","-","-","-","13.2%","-","-","-","-","-","-","-","-","-","-","-","4.5%","-","-","21.0%"
"2025-03-31","Yes","-","-","-","3.1%","-","2.5%","-","-","3.2%","-","0.3%","-","-","-","-","-","-","10.0%","-","37.3%","2.5%","-","3.0%","-","-","-","13.1%","-","-","-","-","-","-","-","-","-","-","-","4.0%","-","-","21.0%"
"2025-03-28","Yes","-","-","-","3.0%","2.5%","2.0%","-","12.0%","2.7%","-","0.2%","-","-","-","-","-","0.6%","2.0%","-","13.3%","8.0%","-","3.2%","-","-","-","13.2%","-","-","-","-","-","-","-","-","3.7%","7.5%","0.6%","4.4%","-","-","21.0%"
"2025-03-27","Yes","-","-","-","3.1%","1.9%","2.0%","-","-","2.5%","13.3%","0.2%","-","-","-","-","-","0.6%","2.0%","-","-","8.0%","-","3.1%","-","-","-","13.1%","-","0.6%","-","-","-","-","-","-","3.8%","7.5%","0.6%","4.6%","-","-","33.0%"
"2025-03-26","Yes","-","-","-","3.6%","2.5%","2.0%","-","-","2.9%","-","-","-","-","-","-","-","0.6%","2.0%","-","-","8.0%","13.3%","3.3%","13.3%","-","-","-","-","-","-","-","-","-","-","-","3.8%","7.5%","0.6%","3.6%","-","-","33.0%"
"2025-03-25","Yes","-","-","-","3.5%","1.9%","2.0%","-","12.0%","6.4%","13.3%","0.1%","-","-","6.1%","-","-","0.6%","2.0%","-","-","8.0%","-","9.6%","-","-","-","13.2%","-","-","-","-","-","-","-","-","3.7%","7.5%","0.6%","8.7%","-","0.6%","-"
"2025-03-24","Yes","-","-","-","3.4%","0.6%","3.7%","-","12.0%","6.5%","13.3%","-","-","-","5.8%","-","-","0.2%","8.7%","-","-","9.7%","-","9.9%","-","-","-","13.3%","-","0.2%","-","-","-","-","-","-","1.3%","2.5%","0.2%","8.6%","-","-","-"
"2025-03-21","Yes","-","-","-","4.0%","2.5%","2.0%","-","-","1.9%","-","0.1%","-","-","-","-","-","0.6%","2.0%","-","13.3%","8.0%","-","3.7%","-","-","-","13.2%","-","-","-","-","-","-","-","-","3.7%","7.5%","0.6%","3.7%","12.0%","-","21.0%"
"2025-03-20","Yes","-","-","-","4.4%","2.5%","2.0%","-","-","2.2%","-","0.3%","-","-","-","-","-","0.6%","2.0%","-","13.3%","8.0%","-","3.4%","-","-","-","13.0%","-","-","-","-","-","-","-","-","3.8%","7.5%","0.6%","3.3%","12.0%","-","21.0%"
"2025-03-19","Yes","-","-","-","4.5%","2.5%","2.0%","-","-","2.1%","-","0.3%","-","-","-","-","-","0.6%","2.0%","-","13.3%","8.0%","-","3.4%","-","-","-","13.0%","-","-","-","-","-","-","-","-","3.7%","7.5%","0.6%","3.3%","12.0%","-","21.0%"
"2025-03-18","Yes","-","-","-","5.3%","1.9%","2.0%","-","-","1.9%","-","0.1%","-","-","-","-","-","0.6%","2.0%","-","13.3%","8.0%","-","3.2%","-","-","-","13.2%","-","0.6%","-","-","-","-","-","-","3.7%","7.5%","0.6%","3.0%","12.0%","-","21.0%"
"2025-03-17","Yes","-","-","-","6.1%","1.7%","2.8%","-","-","1.7%","-","0.3%","-","-","-","-","-","0.4%","5.3%","-","13.3%","8.8%","-","2.8%","-","-","-","13.0%","-","0.4%","-","-","-","-","-","-","2.5%","5.0%","-","2.7%","12.0%","-","21.0%"
"2025-03-14","Yes","-","-","6.0%","7.1%","1.9%","-","-","-","1.5%","-","0.2%","-","-","-","-","-","0.6%","-","-","13.3%","-","-","2.4%","-","-","-","13.1%","-","0.6%","-","-","-","6.0%","-","-","3.7%","7.5%","0.6%","2.4%","-","-","33.0%"
"2025-03-13","Yes","-","-","-","-","-","-","-","37.5%","-","-","-","-","-","-","-","-","-","12.5%","-","-","12.5%","-","-","-","-","-","-","-","-","-","-","-","-","-","37.5%","-","-","-","-","-","-","-"
"2025-03-12","Yes","-","-","-","-","-","-","-","37.5%","-","-","-","-","-","-","-","-","-","12.5%","-","-","12.5%","-","-","-","-","-","-","-","-","-","-","-","-","-","37.5%","-","-","-","-","-","-","-"
"2025-03-11","Yes","-","-","-","-","-","-","-","37.5%","-","-","-","-","-","-","-","-","-","12.5%","-","-","12.5%","-","-","-","-","-","-","-","-","-","-","-","-","-","37.5%","-","-","-","-","-","-","-"
"2025-03-10","Yes","-","-","-","-","-","-","-","37.5%","-","-","-","-","-","-","-","-","-","12.5%","-","-","12.5%","-","-","-","-","-","-","-","-","-","-","-","-","-","37.5%","-","-","-","-","-","-","-"
"2025-03-07","Yes","-","-","-","10.8%","2.5%","-","-","12.0%","8.2%","-","0.2%","-","-","-","-","-","0.6%","-","-","13.3%","-","-","8.0%","-","-","-","13.1%","-","0.6%","-","-","-","-","-","-","3.7%","7.5%","-","7.4%","-","-","12.0%"
"2025-03-06","Yes","-","-","-","15.0%","-","-","-","16.7%","7.9%","-","-","-","-","-","-","-","-","-","16.7%","-","-","-","13.6%","-","-","-","-","16.7%","-","-","-","-","-","-","-","-","-","-","13.6%","-","-","-"
"2025-03-05","Yes","-","-","-","3.7%","2.5%","-","12.0%","-","6.2%","-","-","-","-","4.6%","-","-","0.6%","-","-","13.3%","-","-","10.9%","-","-","-","13.3%","-","0.6%","-","-","-","-","-","-","3.7%","7.5%","-","8.9%","-","-","12.0%"
"2025-03-04","Yes","-","-","-","13.2%","-","-","-","16.7%","9.1%","-","-","-","-","-","-","-","-","-","16.7%","-","-","-","15.5%","-","-","-","-","16.7%","-","-","-","-","-","-","-","-","-","-","12.2%","-","-","-"
"2025-03-03","Yes","-","-","-","3.4%","2.5%","6.2%","-","-","5.2%","-","0.1%","-","-","4.2%","-","-","0.6%","6.2%","-","-","24.9%","-","13.8%","-","-","-","13.2%","-","-","-","-","-","-","-","-","3.7%","7.5%","0.6%","7.7%","-","-","-"
"2025-02-28","Yes","-","-","-","3.9%","2.5%","2.0%","-","-","6.2%","-","0.1%","-","-","5.3%","-","-","0.6%","2.0%","-","13.3%","8.0%","-","9.8%","-","-","-","13.2%","-","-","-","-","-","-","-","-","3.7%","7.5%","0.6%","9.1%","12.0%","-","-"
"2025-02-27","Yes","-","-","-","3.8%","2.5%","6.2%","-","-","5.0%","-","-","-","-","5.9%","-","-","0.6%","6.2%","-","-","24.9%","-","9.6%","-","-","-","13.3%","-","-","-","-","-","-","-","-","3.7%","7.5%","0.6%","10.1%","-","-","-"
"2025-02-26","Yes","-","-","-","3.8%","-","-","-","-","1.8%","-","0.3%","-","-","-","6.0%","-","-","13.5%","-","37.3%","16.5%","-","3.9%","-","-","-","13.1%","-","-","-","-","-","-","-","-","-","-","-","3.8%","-","-","-"
"2025-02-25","Yes","-","-","-","3.7%","-","-","-","-","1.8%","-","-","-","-","-","6.0%","-","-","13.5%","-","37.3%","16.5%","-","3.7%","-","-","-","13.3%","-","-","-","-","-","-","-","-","-","-","-","4.1%","-","-","-"
"2025-02-24","Yes","-","-","-","3.6%","-","8.0%","-","12.0%","1.6%","-","0.3%","-","-","-","-","-","-","15.5%","-","13.3%","24.5%","-","3.9%","-","-","-","13.1%","-","-","-","-","-","-","-","-","-","-","-","4.2%","-","-","-"
"2025-02-21","Yes","-","-","-","3.8%","-","8.0%","-","12.0%","1.6%","-","0.2%","-","-","-","8.0%","-","-","15.5%","-","13.3%","16.5%","-","3.9%","-","-","-","13.1%","-","-","-","-","-","-","-","-","-","-","-","4.1%","-","-","-"
"2025-02-20","Yes","-","-","-","4.1%","-","8.0%","-","12.0%","2.0%","13.3%","0.1%","-","-","-","8.0%","-","-","15.5%","-","-","16.5%","-","3.2%","-","-","-","13.2%","-","-","-","-","-","-","-","-","-","-","-","4.1%","-","-","-"
"2025-02-19","Yes","-","-","-","4.2%","-","8.0%","-","12.0%","1.7%","-","0.2%","-","-","-","8.0%","-","-","15.5%","-","-","16.5%","13.3%","2.9%","-","-","-","13.1%","-","-","-","-","-","-","-","-","-","-","-","4.6%","-","-","-"
"2025-02-18","Yes","-","-","-","4.4%","-","8.0%","-","12.0%","1.7%","13.3%","0.1%","-","-","-","8.0%","-","-","15.5%","-","-","16.5%","-","2.8%","13.3%","-","-","-","-","-","-","-","-","-","-","-","-","-","-","4.4%","-","-","-"
"2025-02-14","Yes","-","-","-","4.1%","-","8.0%","-","12.0%","2.2%","-","0.1%","-","-","-","8.0%","-","-","15.5%","-","-","16.5%","13.3%","2.7%","-","-","-","13.3%","-","-","-","-","-","-","-","-","-","-","-","4.3%","-","-","-"
"2025-02-13","Yes","-","-","-","3.6%","-","8.0%","-","12.0%","2.1%","-","0.3%","-","-","-","8.0%","-","-","15.5%","-","-","16.5%","13.3%","3.1%","-","-","-","13.1%","-","-","-","-","-","-","-","-","-","-","-","4.5%","-","-","-"
"2025-02-12","Yes","-","-","-","3.8%","-","2.5%","-","-","2.2%","13.3%","-","-","-","-","2.5%","-","-","10.0%","-","-","-","-","2.9%","13.3%","-","-","-","-","-","-","-","-","-","-","-","-","-","-","4.3%","-","-","45.0%"
"2025-02-11","Yes","-","-","-","3.9%","-","8.0%","-","12.0%","2.3%","13.3%","0.2%","-","-","-","8.0%","-","-","15.5%","-","-","16.5%","-","2.9%","-","-","-","13.1%","-","-","-","-","-","-","-","-","-","-","-","4.3%","-","-","-"
"2025-02-10","Yes","-","-","-","5.2%","-","8.0%","-","12.0%","1.9%","13.3%","0.1%","-","-","-","-","-","-","15.5%","-","-","24.5%","-","2.6%","-","-","-","13.3%","-","-","-","-","-","-","-","-","-","-","-","3.7%","-","-","-"
"2025-02-07","Yes","-","-","-","3.8%","-","8.0%","-","12.0%","2.5%","-","0.2%","-","-","-","-","-","-","15.5%","-","13.3%","24.5%","-","3.1%","-","-","-","13.1%","-","-","-","-","-","-","-","-","-","-","-","4.0%","-","-","-"
"2025-02-06","Yes","-","-","-","4.1%","-","8.0%","-","12.0%","1.6%","13.3%","0.2%","-","-","-","-","-","-","15.5%","-","-","24.5%","-","3.2%","-","-","-","13.1%","-","-","-","-","-","-","-","-","-","-","-","4.4%","-","-","-"
"2025-02-05","Yes","-","-","-","4.1%","-","8.0%","-","12.0%","1.6%","-","0.2%","-","-","-","-","-","-","15.5%","-","-","24.5%","13.3%","3.5%","-","-","-","13.1%","-","-","-","-","-","-","-","-","-","-","-","4.1%","-","-","-"
"2025-02-04","Yes","-","-","-","-","-","-","-","-","-","-","-","-","-","-","-","-","-","-","-","25.0%","-","-","-","-","-","-","-","-","-","-","50.0%","-","-","25.0%","-","-","-","-","-","-","-","-"
"2025-02-03","Yes","-","-","-","3.8%","-","8.0%","-","12.0%","1.6%","-","-","-","-","-","-","-","-","15.5%","-","13.3%","24.5%","-","3.5%","-","-","-","13.3%","-","-","-","-","-","-","-","-","-","-","-","4.3%","-","-","-"
"2025-01-31","Yes","-","-","-","4.3%","-","8.0%","-","12.0%","1.6%","-","0.2%","-","-","-","-","-","-","15.5%","-","13.3%","24.5%","-","2.6%","-","-","-","13.1%","-","-","-","-","-","-","-","-","-","-","-","4.8%","-","-","-"
"2025-01-30","Yes","-","-","-","4.3%","-","8.0%","-","12.0%","1.6%","-","0.2%","-","-","-","-","-","-","15.5%","-","-","24.5%","13.3%","2.8%","-","-","-","13.1%","-","-","-","-","-","-","-","-","-","-","-","4.7%","-","-","-"
"2025-01-29","Yes","-","-","-","4.2%","-","8.0%","-","12.0%","1.6%","13.3%","0.1%","-","-","-","-","-","-","15.5%","-","-","24.5%","-","2.8%","-","-","-","13.3%","-","-","-","-","-","-","-","-","-","-","-","4.8%","-","-","-"
"2025-01-28","Yes","-","-","-","4.5%","-","10.0%","-","-","1.7%","-","0.1%","-","-","-","-","-","-","17.5%","-","-","32.5%","13.3%","2.1%","-","-","-","13.2%","-","-","-","-","-","-","-","-","-","-","-","5.1%","-","-","-"
"2025-01-27","Yes","-","-","-","4.7%","-","8.0%","-","12.0%","1.7%","-","-","-","-","-","-","-","-","15.5%","-","-","24.5%","13.3%","2.1%","-","-","-","13.3%","-","-","-","-","-","-","-","-","-","-","-","4.8%","-","-","-"
"2025-01-24","Yes","-","-","-","5.1%","-","-","-","12.0%","4.3%","13.3%","0.1%","-","-","4.5%","4.5%","-","-","12.0%","-","-","10.5%","-","5.4%","-","-","-","13.3%","-","-","-","-","-","-","-","-","-","-","-","15.0%","-","-","-"
"2025-01-23","Yes","-","-","-","4.9%","-","-","-","-","5.6%","13.3%","0.1%","-","-","4.5%","6.5%","-","-","14.0%","-","-","18.5%","-","5.2%","13.3%","-","-","-","-","-","-","-","-","-","-","-","-","-","-","14.1%","-","-","-"
"2025-01-22","Yes","-","-","-","4.8%","-","-","-","-","1.9%","13.3%","-","-","-","-","10.0%","-","-","17.5%","-","-","32.5%","-","1.8%","13.3%","-","-","-","-","-","-","-","-","-","-","-","-","-","-","4.9%","-","-","-"
"2025-01-21","Yes","-","-","-","4.7%","-","-","-","12.0%","1.8%","13.3%","0.2%","-","-","-","8.0%","-","-","15.5%","-","-","24.5%","-","1.8%","-","-","-","13.2%","-","-","-","-","-","-","-","-","-","-","-","5.0%","-","-","-"
"2025-01-17","Yes","-","-","-","12.4%","-","-","-","12.0%","5.0%","-","0.2%","-","-","-","4.5%","-","-","12.0%","-","-","10.5%","13.3%","4.7%","6.6%","-","-","6.6%","-","-","-","-","-","-","-","-","-","-","-","12.2%","-","-","-"
"2025-01-16","Yes","-","-","-","4.3%","-","-","-","-","1.9%","-","0.1%","-","-","-","4.5%","-","-","12.0%","-","-","10.5%","13.3%","1.7%","-","-","-","13.3%","-","-","-","-","-","-","-","-","-","-","-","5.4%","-","-","33.0%"
"2025-01-15","Yes","-","-","-","4.5%","-","-","-","-","1.9%","-","0.2%","-","-","-","4.5%","-","-","12.0%","-","-","10.5%","13.3%","1.8%","6.6%","-","-","6.5%","-","-","-","-","-","-","-","-","-","-","-","5.2%","-","-","33.0%"
"2025-01-14","Yes","-","-","-","4.7%","-","-","-","-","2.1%","-","0.1%","-","-","-","2.5%","-","-","10.0%","-","13.3%","2.5%","-","1.8%","13.3%","-","-","-","-","-","-","-","-","-","-","-","-","-","-","4.6%","-","-","45.0%"
"2025-01-13","Yes","-","-","-","4.6%","-","-","-","-","2.1%","-","0.1%","-","-","-","2.5%","-","-","10.0%","-","13.3%","2.5%","-","2.9%","13.2%","-","-","-","-","-","-","-","-","-","-","-","-","-","-","3.6%","-","-","45.0%"
"2025-01-10","Yes","-","-","-","4.6%","1.9%","-","-","-","2.2%","-","0.1%","-","-","-","-","-","-","-","-","13.3%","-","-","2.9%","13.2%","-","-","-","-","0.6%","-","-","-","-","-","-","3.7%","7.5%","0.6%","3.7%","-","0.6%","45.0%"
"2025-01-08","Yes","-","-","-","4.7%","1.9%","-","-","-","2.0%","-","-","-","-","-","-","-","-","-","-","13.3%","-","-","3.0%","13.3%","-","-","-","-","0.6%","-","-","-","-","-","-","3.7%","7.5%","0.6%","3.6%","-","0.6%","45.0%"
"2025-01-07","Yes","-","-","-","5.1%","1.2%","-","-","-","1.8%","-","0.1%","-","-","-","0.8%","-","-","3.3%","-","13.3%","0.8%","-","2.4%","13.3%","-","-","-","-","0.4%","-","-","-","-","-","-","2.5%","5.0%","0.4%","4.0%","-","0.4%","45.0%"
"2025-01-06","Yes","-","-","-","6.0%","-","-","-","-","0.7%","-","-","-","-","-","2.5%","-","-","10.0%","-","13.3%","2.5%","-","2.4%","13.3%","-","-","-","-","-","-","-","-","-","-","-","-","-","-","4.2%","-","-","45.0%"
"2025-01-03","Yes","-","-","-","6.4%","1.9%","-","-","-","0.6%","-","0.1%","-","-","-","-","-","-","-","-","13.3%","-","-","2.4%","13.3%","-","-","-","-","0.6%","-","-","-","-","-","-","3.7%","7.5%","0.6%","3.9%","-","0.6%","45.0%"
"2025-01-02","Yes","-","-","-","4.4%","1.9%","-","-","-","0.8%","-","0.1%","-","-","-","-","-","-","-","-","13.3%","-","-","2.9%","13.3%","-","-","-","-","0.6%","-","-","-","-","-","-","3.7%","7.5%","0.6%","5.3%","-","0.6%","45.0%"
"2024-12-31","Yes","-","-","-","4.4%","2.5%","-","-","-","0.8%","-","0.1%","-","-","-","-","-","-","-","-","13.3%","-","-","2.9%","13.3%","-","-","-","-","-","-","-","-","-","-","-","3.7%","7.5%","0.6%","5.3%","-","0.6%","45.0%"
"2024-12-30","Yes","-","-","-","4.6%","1.2%","0.8%","-","-","0.8%","-","0.1%","-","-","-","0.8%","-","-","3.3%","-","13.3%","-","-","2.9%","13.3%","-","-","-","-","0.4%","-","-","-","-","-","-","2.5%","5.0%","0.4%","5.0%","-","0.4%","45.0%"
"2024-12-27","Yes","-","-","-","3.1%","1.9%","-","-","-","0.9%","-","0.1%","-","-","-","-","-","-","-","-","13.3%","-","-","3.3%","13.3%","-","-","-","-","0.6%","-","-","-","-","-","-","3.8%","7.5%","0.6%","6.0%","-","0.6%","45.0%"
"2024-12-26","Yes","-","-","-","3.0%","1.9%","-","-","-","0.9%","13.3%","0.1%","-","-","-","-","-","-","-","-","-","-","-","3.0%","13.3%","-","-","-","-","0.6%","-","-","-","-","-","-","3.8%","7.5%","0.6%","6.4%","-","0.6%","45.0%"
"2024-12-24","Yes","-","-","-","3.0%","2.5%","-","-","-","0.9%","13.3%","-","-","-","-","-","-","-","-","-","-","-","-","3.1%","13.3%","-","-","-","-","-","-","-","-","-","-","-","3.7%","7.5%","0.6%","6.4%","-","0.6%","45.0%"
"2024-12-23","Yes","-","-","-","2.9%","1.9%","-","-","-","0.8%","-","-","-","-","-","-","-","-","-","-","13.3%","-","-","2.9%","13.3%","-","-","-","-","0.6%","-","-","-","-","-","-","3.7%","7.5%","0.6%","6.7%","-","0.6%","45.0%"
"2024-12-20","Yes","-","-","-","2.5%","2.5%","-","-","-","0.8%","-","-","-","-","-","-","-","-","-","-","13.3%","-","-","3.7%","13.3%","-","-","-","-","-","-","-","-","-","-","-","3.7%","7.5%","0.6%","6.3%","-","0.6%","45.0%"
"2024-12-19","Yes","-","-","-","8.3%","-","-","-","-","8.8%","-","-","-","-","-","-","-","-","-","16.7%","-","-","-","14.7%","-","16.7%","-","-","16.7%","-","-","-","-","-","-","-","-","-","-","18.2%","-","-","-"
"2024-12-18","Yes","-","-","-","8.0%","-","-","-","-","9.3%","-","-","-","-","-","-","-","-","-","16.7%","-","-","-","14.4%","-","16.7%","-","-","16.7%","-","-","-","-","-","-","-","-","-","-","18.3%","-","-","-"
"2024-12-17","Yes","-","-","-","5.0%","1.9%","2.0%","-","-","6.8%","-","-","-","-","-","2.0%","-","-","2.0%","-","13.3%","6.0%","-","8.0%","13.3%","-","-","-","-","0.6%","-","-","-","-","-","-","3.8%","7.5%","0.6%","14.5%","-","0.6%","12.0%"
"2024-12-16","Yes","-","-","-","4.9%","0.6%","3.7%","-","-","6.6%","13.3%","0.1%","-","-","-","3.7%","-","-","8.7%","-","-","6.0%","-","7.0%","13.3%","-","-","-","-","0.2%","-","-","-","-","-","-","1.2%","2.5%","0.2%","15.8%","-","0.2%","12.0%"
"2024-12-13","Yes","-","-","-","4.9%","0.6%","3.7%","-","-","6.4%","-","-","-","-","-","3.7%","-","-","8.7%","-","-","6.0%","13.3%","7.2%","13.3%","-","-","-","-","0.2%","-","-","-","-","-","-","1.2%","2.5%","0.2%","15.9%","-","0.2%","12.0%"
"2024-12-12","Yes","-","-","-","6.5%","0.6%","3.7%","-","-","6.6%","13.3%","-","-","-","-","3.7%","-","0.2%","8.7%","-","-","6.0%","-","7.0%","13.3%","-","-","-","-","-","-","-","-","-","-","-","1.2%","2.5%","0.2%","14.3%","-","0.2%","12.0%"
"2024-12-11","Yes","-","-","-","6.1%","0.6%","5.7%","-","-","8.4%","13.3%","0.1%","-","-","-","5.7%","-","0.2%","10.7%","-","-","12.0%","-","7.3%","13.3%","-","-","-","-","-","-","-","-","-","-","-","1.2%","2.5%","0.2%","12.6%","-","0.2%","-"
"2024-12-10","Yes","-","-","-","6.2%","0.6%","5.7%","-","-","9.9%","13.3%","0.1%","-","-","-","5.7%","-","0.2%","10.7%","-","-","12.0%","-","5.5%","-","-","-","13.2%","-","-","-","-","-","-","-","-","1.2%","2.5%","0.2%","12.8%","-","0.2%","-"
"2024-12-09","Yes","-","-","-","5.8%","-","6.5%","-","-","11.7%","13.3%","0.3%","-","-","-","6.5%","-","-","14.0%","-","-","12.0%","-","5.2%","-","-","-","13.1%","-","-","-","-","-","-","-","-","-","-","-","11.6%","-","-","-"
"2024-12-06","Yes","-","-","-","-","-","-","-","-","-","-","-","-","-","-","-","-","-","-","-","25.0%","-","-","-","-","-","-","-","-","-","-","50.0%","-","-","25.0%","-","-","-","-","-","-","-","-"
"2024-12-05","Yes","-","-","-","3.6%","-","4.5%","12.0%","-","8.7%","13.3%","0.2%","-","-","3.8%","4.5%","-","-","12.0%","-","-","6.0%","-","7.7%","-","-","-","13.1%","-","-","-","-","-","-","-","-","-","-","-","10.4%","-","-","-"
"2024-12-04","Yes","-","-","-","3.6%","-","4.5%","12.0%","-","7.2%","13.3%","-","-","-","6.4%","4.5%","-","-","12.0%","-","-","6.0%","-","6.9%","13.3%","-","-","-","-","-","-","-","-","-","-","-","-","-","-","10.2%","-","-","-"
"2024-12-03","Yes","-","-","-","3.7%","-","4.5%","12.0%","-","6.8%","13.3%","-","-","-","6.5%","4.5%","-","-","12.0%","-","-","6.0%","-","7.0%","13.3%","-","-","-","-","-","-","-","-","-","-","-","-","-","-","10.3%","-","-","-"
"2024-12-02","Yes","-","-","-","4.1%","-","4.5%","12.0%","-","6.4%","13.3%","0.3%","-","-","6.9%","-","-","-","12.0%","-","-","10.5%","-","6.1%","-","-","-","13.1%","-","-","-","-","-","-","-","-","-","-","-","10.8%","-","-","-"
"2024-11-29","Yes","-","-","-","5.3%","-","4.5%","12.0%","-","6.1%","13.3%","0.2%","-","-","8.1%","-","-","-","12.0%","-","-","10.5%","-","5.1%","-","-","-","13.1%","-","-","-","-","-","-","-","-","-","-","-","9.8%","-","-","-"
"2024-11-27","Yes","-","-","-","4.9%","-","4.5%","12.0%","-","6.3%","13.3%","0.1%","-","-","8.1%","-","-","-","12.0%","-","-","10.5%","-","5.1%","13.3%","-","-","-","-","-","-","-","-","-","-","-","-","-","-","10.0%","-","-","-"
"2024-11-26","Yes","-","-","-","4.9%","-","4.5%","-","12.0%","5.9%","13.3%","0.1%","-","-","9.3%","-","-","-","12.0%","-","-","10.5%","-","4.7%","13.3%","-","-","-","-","-","-","-","-","-","-","-","-","-","-","9.7%","-","-","-"
"2024-11-25","Yes","-","-","-","4.6%","-","8.0%","-","12.0%","2.4%","13.3%","-","-","-","-","-","-","-","15.5%","-","-","24.5%","-","2.3%","13.3%","-","-","-","-","-","-","-","-","-","-","-","-","-","-","4.0%","-","-","-"
"2024-11-22","Yes","-","-","-","4.7%","-","4.5%","-","-","2.3%","13.3%","-","-","-","-","-","-","-","12.0%","-","-","10.5%","-","2.5%","13.3%","-","-","-","-","-","-","-","-","-","-","-","-","-","-","3.9%","-","-","33.0%"
"2024-11-21","Yes","-","-","-","4.6%","-","2.5%","-","-","2.9%","13.3%","-","-","-","-","-","-","-","10.0%","-","-","2.5%","-","2.2%","13.3%","-","-","-","-","-","-","-","-","-","-","-","-","-","-","3.7%","-","-","45.0%"
"2024-11-20","Yes","-","-","-","4.8%","-","2.5%","-","-","2.7%","13.3%","0.1%","-","-","-","2.5%","-","-","10.0%","-","-","-","-","2.0%","13.3%","-","-","-","-","-","-","-","-","-","-","-","-","-","-","3.8%","-","-","45.0%"
"2024-11-19","Yes","-","-","-","3.7%","-","4.5%","-","-","2.9%","13.3%","0.1%","-","-","-","4.5%","-","-","12.0%","-","-","6.0%","-","2.4%","13.3%","-","-","-","-","-","-","-","-","-","-","-","-","-","-","4.4%","-","-","33.0%"
"2024-11-18","Yes","-","-","-","3.4%","-","2.5%","-","-","3.2%","13.3%","0.1%","-","-","-","-","-","-","10.0%","-","-","2.5%","-","2.3%","13.3%","-","-","-","-","-","-","-","-","-","-","-","-","-","-","4.4%","-","-","45.0%"
"2024-11-15","Yes","-","-","-","3.4%","1.9%","-","-","-","3.2%","13.3%","-","-","-","-","-","-","0.6%","-","-","-","-","-","2.4%","13.3%","-","-","-","-","-","-","-","-","-","-","-","3.8%","7.5%","0.6%","4.4%","-","0.6%","45.0%"
"2024-11-14","Yes","-","-","-","3.1%","2.5%","-","-","-","3.1%","13.3%","0.1%","-","-","-","-","-","-","-","-","-","-","-","2.5%","13.3%","-","-","-","-","-","-","-","-","-","-","-","3.8%","7.5%","0.6%","4.7%","-","0.6%","45.0%"
"2024-11-13","Yes","-","-","-","3.2%","-","2.5%","-","-","3.0%","13.3%","0.1%","-","-","-","2.5%","-","-","10.0%","-","-","-","-","2.5%","13.3%","-","-","-","-","-","-","-","-","-","-","-","-","-","-","4.7%","-","-","45.0%"
"2024-11-12","Yes","-","-","-","3.5%","-","2.5%","-","-","3.1%","13.3%","0.1%","-","-","-","2.5%","-","-","10.0%","-","-","-","-","2.1%","13.3%","-","-","-","-","-","-","-","-","-","-","-","-","-","-","4.7%","-","-","45.0%"
"2024-11-11","Yes","-","-","-","8.6%","-","4.5%","-","12.0%","8.5%","13.3%","-","-","-","-","4.5%","-","-","12.0%","-","-","6.0%","-","5.3%","13.3%","-","-","-","-","-","-","-","-","-","-","-","-","-","-","12.0%","-","-","-"
"2024-11-08","Yes","-","-","-","8.3%","-","4.5%","-","12.0%","8.6%","13.3%","-","-","-","-","4.5%","-","-","12.0%","-","-","6.0%","-","5.0%","13.3%","-","-","-","-","-","-","-","-","-","-","-","-","-","-","12.4%","-","-","-"
"2024-11-07","Yes","-","-","-","6.9%","-","6.5%","-","-","7.1%","13.3%","-","-","-","-","6.5%","-","-","14.0%","-","-","12.0%","-","4.9%","13.3%","-","-","-","-","-","-","-","-","-","-","-","-","-","-","15.4%","-","-","-"
"2024-11-06","Yes","-","-","-","2.4%","-","2.5%","-","-","2.8%","13.3%","0.1%","-","-","-","-","-","-","10.0%","-","-","2.5%","-","2.0%","13.3%","-","-","-","-","-","-","-","-","-","-","-","-","-","-","6.1%","-","-","45.0%"
"2024-11-05","Yes","-","-","-","3.0%","-","2.5%","-","-","3.6%","13.3%","-","-","-","-","-","-","-","10.0%","-","-","2.5%","-","1.6%","13.3%","-","-","-","-","-","-","-","-","-","-","-","-","-","-","5.2%","-","-","45.0%"
"2024-11-04","Yes","-","-","-","4.7%","-","2.5%","-","-","3.2%","-","-","-","-","-","2.5%","-","-","10.0%","-","13.3%","-","-","1.3%","13.3%","-","-","-","-","-","-","-","-","-","-","-","-","-","-","4.1%","-","-","45.0%"
"2024-11-01","Yes","-","-","-","4.3%","1.9%","-","-","-","3.5%","-","-","-","-","-","-","-","0.6%","-","-","13.3%","-","-","1.2%","13.3%","-","-","-","-","-","-","-","-","-","-","-","3.7%","7.5%","0.6%","4.4%","-","0.6%","45.0%"
"2024-10-31","Yes","-","-","-","4.3%","1.9%","-","-","-","3.5%","-","-","-","-","-","-","-","0.6%","-","-","13.3%","-","-","1.2%","13.3%","-","-","-","-","-","-","-","-","-","-","-","3.8%","7.5%","0.6%","4.4%","-","0.6%","45.0%"
"2024-10-30","Yes","-","-","-","3.7%","-","2.5%","-","-","3.6%","-","-","-","-","-","2.5%","-","-","7.5%","-","13.3%","2.5%","-","1.3%","13.3%","-","-","-","-","-","-","-","-","-","-","-","-","-","-","4.7%","-","-","45.0%"
"2024-10-29","Yes","-","-","-","2.4%","-","2.5%","-","-","4.1%","-","-","-","-","-","2.5%","-","-","7.5%","-","13.3%","2.5%","-","2.9%","13.3%","-","-","-","-","-","-","-","-","-","-","-","-","-","-","4.0%","-","-","45.0%"
"2024-10-28","Yes","-","-","-","2.7%","-","2.5%","-","-","3.7%","-","-","-","-","-","2.5%","-","-","7.5%","-","13.3%","2.5%","-","2.9%","13.3%","-","-","-","-","-","-","-","-","-","-","-","-","-","-","4.1%","-","-","45.0%"
"2024-10-25","Yes","-","-","-","2.7%","-","2.5%","-","-","3.6%","-","0.1%","-","-","-","2.5%","-","-","7.5%","-","13.3%","2.5%","-","3.0%","13.3%","-","-","-","-","-","-","-","-","-","-","-","-","-","-","4.1%","-","-","45.0%"
"2024-10-24","Yes","-","-","-","3.2%","-","2.5%","-","-","2.7%","-","-","-","-","-","-","-","-","10.0%","-","13.3%","2.5%","-","2.5%","13.3%","-","-","-","-","-","-","-","-","-","-","-","-","-","-","5.0%","-","-","45.0%"
"2024-10-23","Yes","-","-","-","3.4%","-","2.5%","-","-","3.1%","-","0.1%","-","-","-","2.5%","-","-","7.5%","-","13.3%","2.5%","-","2.7%","13.3%","-","-","-","-","-","-","-","-","-","-","-","-","-","-","4.0%","-","-","45.0%"
"2024-10-22","Yes","-","-","-","3.6%","-","4.5%","-","-","3.5%","-","-","-","-","-","4.5%","-","-","7.5%","-","-","10.5%","13.3%","2.9%","13.3%","-","-","-","-","-","-","-","-","-","-","-","-","-","-","3.3%","-","-","33.0%"
"2024-10-21","Yes","-","-","-","3.7%","-","4.5%","-","-","3.8%","-","-","-","-","-","4.5%","-","-","7.5%","-","13.3%","10.5%","-","2.8%","13.3%","-","-","-","-","-","-","-","-","-","-","-","-","-","-","3.1%","-","-","33.0%"
"2024-10-18","Yes","-","-","-","2.7%","-","8.0%","12.0%","-","3.7%","-","-","-","-","-","8.0%","-","-","7.5%","-","13.3%","24.5%","-","3.5%","13.3%","-","-","-","-","-","-","-","-","-","-","-","-","-","-","3.5%","-","-","-"
"2024-10-17","Yes","-","-","-","2.6%","-","8.0%","12.0%","-","3.7%","-","-","-","-","-","8.0%","-","-","7.5%","-","13.3%","24.5%","-","3.6%","13.3%","-","-","-","-","-","-","-","-","-","-","-","-","-","-","3.5%","-","-","-"
"2024-10-16","Yes","-","-","-","2.7%","-","8.0%","12.0%","-","3.5%","-","-","-","-","-","8.0%","-","-","7.5%","-","13.3%","24.5%","-","3.5%","13.3%","-","-","-","-","-","-","-","-","-","-","-","-","-","-","3.5%","-","-","-"
"2024-10-15","Yes","-","-","-","2.9%","-","8.0%","12.0%","-","3.3%","-","-","-","-","-","8.0%","-","-","7.5%","-","13.3%","24.5%","-","3.5%","13.3%","-","-","-","-","-","-","-","-","-","-","-","-","-","-","3.7%","-","-","-"
"2024-10-14","Yes","-","-","-","2.7%","-","-","12.0%","-","3.3%","-","-","-","-","-","4.5%","-","-","12.0%","-","13.3%","10.5%","-","4.0%","13.3%","-","-","-","-","-","-","-","-","-","-","-","-","-","-","3.3%","-","-","21.0%"
"2024-10-11","Yes","-","-","-","2.7%","-","-","12.0%","-","3.2%","-","-","-","-","-","4.5%","-","-","12.0%","-","13.3%","10.5%","-","4.1%","13.3%","-","-","-","-","-","-","-","-","-","-","-","-","-","-","3.4%","-","-","21.0%"
"2024-10-10","Yes","-","-","-","3.1%","-","-","12.0%","-","3.5%","-","-","-","-","-","4.5%","-","-","12.0%","-","13.3%","10.5%","-","3.2%","13.3%","-","-","-","-","-","-","-","-","-","-","-","-","-","-","3.5%","-","-","21.0%"
"2024-10-09","Yes","-","-","-","3.0%","-","-","12.0%","-","3.5%","-","-","-","-","-","4.5%","-","-","12.0%","-","13.3%","10.5%","-","3.1%","13.3%","-","-","-","-","-","-","-","-","-","-","-","-","-","-","3.8%","-","-","21.0%"
"2024-10-08","Yes","-","-","-","2.9%","-","-","12.0%","-","3.1%","-","-","-","-","-","8.0%","-","-","15.5%","-","13.3%","24.5%","-","3.1%","13.3%","-","-","-","-","-","-","-","-","-","-","-","-","-","-","4.3%","-","-","-"
"2024-10-07","Yes","-","-","-","11.1%","-","-","-","-","9.9%","-","-","-","-","-","-","16.7%","-","-","-","-","-","-","11.5%","-","-","-","-","16.7%","-","-","-","-","-","-","-","-","-","-","17.5%","16.7%","-","-"
"2024-10-04","Yes","-","-","-","-","-","-","-","-","-","-","-","-","-","-","-","-","-","-","-","25.0%","-","-","-","-","-","-","-","-","-","-","50.0%","-","-","25.0%","-","-","-","-","-","-","-","-"
"2024-10-03","Yes","-","-","-","4.3%","-","8.0%","12.0%","-","2.0%","-","-","-","-","-","8.0%","-","-","7.5%","-","13.3%","24.5%","-","3.0%","13.3%","-","-","-","-","-","-","-","-","-","-","-","-","-","-","4.0%","-","-","-"
"2024-10-02","Yes","-","-","-","4.5%","-","8.0%","12.0%","-","1.9%","-","-","-","-","-","8.0%","-","-","7.5%","-","13.3%","24.5%","-","3.0%","13.3%","-","-","-","-","-","-","-","-","-","-","-","-","-","-","4.0%","-","-","-"
"2024-10-01","Yes","-","-","-","-","-","-","-","-","-","-","-","-","-","-","-","-","-","-","-","25.0%","-","-","-","-","-","-","-","-","-","-","50.0%","-","-","25.0%","-","-","-","-","-","-","-","-"
"2024-09-30","Yes","-","-","-","4.6%","-","8.0%","12.0%","-","1.8%","-","0.1%","-","-","-","8.0%","-","-","15.5%","-","13.3%","16.5%","-","3.0%","13.3%","-","-","-","-","-","-","-","-","-","-","-","-","-","-","4.0%","-","-","-"
"2024-09-27","Yes","-","-","-","12.2%","-","4.5%","12.0%","-","4.4%","-","0.4%","-","-","-","4.5%","-","-","12.0%","-","13.3%","6.0%","-","7.8%","-","-","-","13.0%","-","-","-","-","-","-","-","-","-","-","-","9.9%","-","-","-"
"2024-09-26","Yes","-","-","-","8.9%","-","4.5%","12.0%","-","4.3%","-","-","-","-","-","4.5%","-","-","12.0%","-","-","6.0%","13.3%","10.5%","13.3%","-","-","-","-","-","-","-","-","-","-","-","-","-","-","10.7%","-","-","-"
"2024-09-25","Yes","-","-","-","10.5%","-","4.5%","12.0%","-","4.2%","-","0.1%","-","-","-","4.5%","-","-","12.0%","-","13.3%","6.0%","-","10.2%","-","-","-","13.3%","-","-","-","-","-","-","-","-","-","-","-","9.5%","-","-","-"
"2024-09-24","Yes","-","-","-","11.2%","-","4.5%","12.0%","-","3.9%","-","-","-","-","-","-","-","-","12.0%","-","-","10.5%","13.3%","9.1%","-","-","-","13.3%","-","-","-","-","-","-","-","-","-","-","-","10.2%","-","-","-"
"2024-09-23","Yes","-","-","-","10.3%","-","4.5%","12.0%","-","3.8%","-","0.1%","-","-","-","-","-","-","12.0%","-","-","10.5%","13.3%","8.5%","-","-","-","13.3%","-","-","-","-","-","-","-","-","-","-","-","11.7%","-","-","-"
"2024-09-20","Yes","-","-","-","11.1%","-","4.5%","12.0%","-","4.1%","-","0.3%","-","-","-","-","-","-","12.0%","-","-","10.5%","13.3%","8.9%","-","-","-","13.1%","-","-","-","-","-","-","-","-","-","-","-","10.3%","-","-","-"
"2024-09-19","Yes","-","-","-","11.4%","-","4.5%","12.0%","-","5.3%","-","-","-","-","-","-","-","-","12.0%","-","13.3%","10.5%","-","8.3%","13.3%","-","-","-","-","-","-","-","-","-","-","-","-","-","-","9.3%","-","-","-"
"2024-09-18","Yes","-","-","-","11.0%","-","2.5%","18.0%","-","5.6%","-","0.2%","-","-","-","-","-","-","10.0%","-","13.3%","2.5%","-","7.2%","-","-","-","13.2%","-","-","-","-","-","6.0%","-","-","-","-","-","10.4%","-","-","-"
"2024-09-17","Yes","-","-","-","11.1%","0.6%","3.7%","12.0%","-","5.6%","-","0.1%","-","-","-","-","-","0.2%","8.7%","-","13.3%","9.7%","-","7.3%","-","-","-","13.2%","-","-","-","-","-","-","-","-","1.2%","2.5%","0.2%","10.2%","-","0.2%","-"
"2024-09-16","Yes","-","-","-","11.0%","1.9%","2.0%","12.0%","-","6.2%","-","0.3%","-","-","-","-","-","0.6%","2.0%","-","13.3%","8.0%","-","7.5%","-","-","-","13.0%","-","-","-","-","-","-","-","-","3.7%","7.5%","0.6%","9.7%","-","0.6%","-"
"2024-09-13","Yes","-","-","-","11.0%","1.9%","2.0%","12.0%","-","6.1%","-","0.1%","-","-","-","-","-","0.6%","2.0%","-","13.3%","8.0%","-","6.9%","-","-","-","13.2%","-","-","-","-","-","-","-","-","3.7%","7.5%","0.6%","10.3%","-","0.6%","-"
"2024-09-12","Yes","-","-","-","13.2%","1.9%","2.0%","12.0%","-","5.3%","-","0.2%","-","-","-","-","-","0.6%","2.0%","-","13.3%","8.0%","-","6.4%","-","-","-","13.1%","-","-","-","-","-","-","-","-","3.8%","7.5%","0.6%","9.4%","-","0.6%","-"
"2024-09-11","Yes","-","-","-","12.9%","2.5%","2.0%","-","-","5.6%","-","0.1%","-","-","-","-","-","0.6%","2.0%","-","13.3%","8.0%","-","7.1%","-","-","-","13.3%","-","-","-","-","-","-","-","-","3.7%","7.5%","0.6%","8.7%","12.0%","-","-"
"2024-09-10","Yes","-","-","-","11.5%","1.9%","2.0%","12.0%","-","7.3%","-","0.2%","-","-","-","-","-","0.6%","2.0%","-","13.3%","8.0%","-","7.8%","-","-","-","13.2%","-","-","-","-","-","-","-","-","3.7%","7.5%","0.6%","7.7%","-","0.6%","-"
"2024-09-09","Yes","-","-","-","12.3%","2.5%","-","-","-","7.3%","-","0.1%","-","-","-","-","-","0.6%","-","-","37.3%","-","-","7.6%","-","-","-","13.2%","-","-","-","-","-","-","-","-","3.7%","7.5%","0.6%","7.2%","-","-","-"
"2024-09-06","Yes","-","-","-","12.1%","2.5%","-","-","-","7.1%","-","-","-","-","-","-","-","0.6%","-","-","37.3%","-","-","7.4%","-","-","-","13.3%","-","-","-","-","-","-","-","-","3.8%","7.5%","0.6%","7.7%","-","-","-"
"2024-09-05","Yes","-","-","-","4.7%","2.5%","5.5%","12.0%","-","2.6%","-","0.3%","-","-","-","-","-","-","5.5%","-","13.3%","22.0%","-","2.9%","-","-","-","13.0%","-","0.6%","-","-","-","-","-","-","3.7%","7.5%","-","3.1%","-","0.6%","-"
"2024-09-04","Yes","-","-","-","-","-","-","-","-","-","-","-","-","-","-","-","-","-","-","-","25.0%","-","-","-","-","-","-","-","-","-","-","50.0%","-","-","25.0%","-","-","-","-","-","-","-","-"
"2024-09-03","Yes","-","-","-","21.1%","-","-","-","-","9.4%","-","-","-","-","-","-","-","-","-","16.7%","-","-","-","9.8%","-","16.7%","16.7%","-","-","-","-","-","-","-","-","-","-","-","-","9.6%","-","-","-"